Phrase,Meaning,Example,Source
agree,賛成する,,[Leap]見出し番号 1
oppose,に反対する,,[Leap]見出し番号 2
advise,に忠告する,,[Leap]見出し番号 3
tip,助言,,[Leap]見出し番号 4
discuss,について話し合う,,[Leap]見出し番号 5
blame,に責任があるとする,,[Leap]見出し番号 6
argue,と主張する,,[Leap]見出し番号 7
claim,と主張する,,[Leap]見出し番号 8
complain,文句を言う,,[Leap]見出し番号 9
offer,を申し出る,,[Leap]見出し番号 10
suggest,を示唆する,,[Leap]見出し番号 11
recommend,を推薦する,,[Leap]見出し番号 12
grateful,感謝している,,[Leap]見出し番号 13
apologize,謝る,,[Leap]見出し番号 14
excuse,言い訳,,[Leap]見出し番号 15
celebrate,を祝う,,[Leap]見出し番号 16
congratulate,を祝う,,[Leap]見出し番号 17
admire,を称賛する,,[Leap]見出し番号 18
impress,に感銘を与える,,[Leap]見出し番号 19
award,賞,,[Leap]見出し番号 20
explain,を説明する,,[Leap]見出し番号 21
describe,を説明する,,[Leap]見出し番号 22
communicate,意思の疎通をはかる,,[Leap]見出し番号 23
express,を表現する,,[Leap]見出し番号 24
promise,約束,,[Leap]見出し番号 25
information,情報,,[Leap]見出し番号 26
technology,技術,,[Leap]見出し番号 27
research,研究,,[Leap]見出し番号 28
material,材料,,[Leap]見出し番号 29
artificial,人工的な,,[Leap]見出し番号 30
electric,電気の,,[Leap]見出し番号 31
invent,を発明する,,[Leap]見出し番号 32
discover,を発見する,,[Leap]見出し番号 33
develop,発達する,,[Leap]見出し番号 34
skill,技術,,[Leap]見出し番号 35
ability,能力,,[Leap]見出し番号 36
talent,才能,,[Leap]見出し番号 37
effort,努力,,[Leap]見出し番号 38
practice,練習,,[Leap]見出し番号 39
achieve,を達成する,,[Leap]見出し番号 40
manage,なんとかして?する,,[Leap]見出し番号 41
improve,を改善する,,[Leap]見出し番号 42
produce,を生産する,,[Leap]見出し番号 43
create,を創造する,,[Leap]見出し番号 44
establish,を確立する,,[Leap]見出し番号 45
form,を形成する,,[Leap]見出し番号 46
save,を省く,,[Leap]見出し番号 47
medicine,薬,,[Leap]見出し番号 48
patient,患者,,[Leap]見出し番号 49
condition,状態,,[Leap]見出し番号 50
medical,医療の,,[Leap]見出し番号 51
stress,ストレス,,[Leap]見出し番号 52
suffer,苦しむ,,[Leap]見出し番号 53
exercise,運動,,[Leap]見出し番号 54
breathe,呼吸する,,[Leap]見出し番号 55
thirsty,喉が渇いた,,[Leap]見出し番号 56
physical,身体的な,,[Leap]見出し番号 57
fever,熱,,[Leap]見出し番号 58
strength,体力,,[Leap]見出し番号 59
tear,涙,,[Leap]見出し番号 60
taste,の味がする,,[Leap]見出し番号 61
rule,規則,,[Leap]見出し番号 62
role,役割,,[Leap]見出し番号 63
habit,習慣,,[Leap]見出し番号 64
custom,習慣,,[Leap]見出し番号 65
tradition,伝統,,[Leap]見出し番号 66
society,社会,,[Leap]見出し番号 67
law,法律,,[Leap]見出し番号 68
ancestor,祖先,,[Leap]見出し番号 69
population,人口,,[Leap]見出し番号 70
native,母国の,,[Leap]見出し番号 71
abroad,海外へ,,[Leap]見出し番号 72
local,その土地の,,[Leap]見出し番号 73
survey,調査,,[Leap]見出し番号 74
value,価値,,[Leap]見出し番号 75
treasure,財宝,,[Leap]見出し番号 76
fashion,流行,,[Leap]見出し番号 77
public,大衆,,[Leap]見出し番号 78
evidence,証拠,,[Leap]見出し番号 79
vote,投票,,[Leap]見出し番号 80
government,政府,,[Leap]見出し番号 81
nation,国家,,[Leap]見出し番号 82
capital,首都,,[Leap]見出し番号 83
state,州,,[Leap]見出し番号 84
political,政治的な,,[Leap]見出し番号 85
price,価格,,[Leap]見出し番号 86
sum,金額,,[Leap]見出し番号 87
budget,予算,,[Leap]見出し番号 88
fee,料金,,[Leap]見出し番号 89
fare,運賃,,[Leap]見出し番号 90
bill,勘定,,[Leap]見出し番号 91
trade,貿易,,[Leap]見出し番号 92
wealth,富,,[Leap]見出し番号 93
economy,経済,,[Leap]見出し番号 94
cost,を要する,,[Leap]見出し番号 95
company,会社,,[Leap]見出し番号 96
task,仕事,,[Leap]見出し番号 97
earn,を稼ぐ,,[Leap]見出し番号 98
hurt,痛む,,[Leap]見出し番号 99
injure,を傷つける,,[Leap]見出し番号 100
damage,に損害を与える,,[Leap]見出し番号 101
destroy,を破壊する,,[Leap]見出し番号 102
ruin,を台無しにする,,[Leap]見出し番号 103
danger,危険,,[Leap]見出し番号 104
neighbor,近所の人,,[Leap]見出し番号 105
audience,聴衆,,[Leap]見出し番号 106
crowd,群衆,,[Leap]見出し番号 107
author,著者,,[Leap]見出し番号 108
staff,職員,,[Leap]見出し番号 109
clerk,店員,,[Leap]見出し番号 110
customer,客,,[Leap]見出し番号 111
passenger,乗客,,[Leap]見出し番号 112
elderly,年配の,,[Leap]見出し番号 113
female,女性の,,[Leap]見出し番号 114
head,向かう,,[Leap]見出し番号 115
follow,の後に付いていく,,[Leap]見出し番号 116
wander,歩き回る,,[Leap]見出し番号 117
travel,旅行する,,[Leap]見出し番号 118
pass,を通り過ぎる,,[Leap]見出し番号 119
likely,しそうだ,,[Leap]見出し番号 120
natural,当然の,,[Leap]見出し番号 121
certain,確かな,,[Leap]見出し番号 122
probably,おそらく,,[Leap]見出し番号 123
face,に直面する,,[Leap]見出し番号 124
avoid,を避ける,,[Leap]見出し番号 125
solve,を解決する,,[Leap]見出し番号 126
trouble,問題,,[Leap]見出し番号 127
issue,問題,,[Leap]見出し番号 128
cheer,に声援を送る,,[Leap]見出し番号 129
encourage,に促す,,[Leap]見出し番号 130
support,を支持する,,[Leap]見出し番号 131
prevent,を妨げる,,[Leap]見出し番号 132
deny,を否定する,,[Leap]見出し番号 133
enable,に可能ににする,,[Leap]見出し番号 134
succeed,成功する,,[Leap]見出し番号 135
miss,を逃がす,,[Leap]見出し番号 136
fail,失敗する,,[Leap]見出し番号 137
mistake,間違い,,[Leap]見出し番号 138
check,を調べる,,[Leap]見出し番号 139
hide,を隠す,,[Leap]見出し番号 140
draw,を描く,,[Leap]見出し番号 141
join,に加わる,,[Leap]見出し番号 142
throw,を投げる,,[Leap]見出し番号 143
operate,を操作する,,[Leap]見出し番号 144
repair,を修理する,,[Leap]見出し番号 145
sew,を縫う,,[Leap]見出し番号 146
raise,を上げる,,[Leap]見出し番号 147
serve,を出す,,[Leap]見出し番号 148
pour,を注ぐ,,[Leap]見出し番号 149
spill,をこぼす,,[Leap]見出し番号 150
pretend,ふりをする,,[Leap]見出し番号 151
behave,振る舞う,,[Leap]見出し番号 152
bear,に耐える,,[Leap]見出し番号 153
explore,を探検する,,[Leap]見出し番号 154
happen,起こる,,[Leap]見出し番号 155
appear,現れる,,[Leap]見出し番号 156
remain,のままでいる,,[Leap]見出し番号 157
survive,生き残る,,[Leap]見出し番号 158
belong,所属している,,[Leap]見出し番号 159
represent,を代表する,,[Leap]見出し番号 160
base,の基礎を置く,,[Leap]見出し番号 161
include,を含む,,[Leap]見出し番号 162
contain,を含む,,[Leap]見出し番号 163
own,自分自身の,,[Leap]見出し番号 164
share,を共有する,,[Leap]見出し番号 165
collect,を集める,,[Leap]見出し番号 166
gather,を集める,,[Leap]見出し番号 167
history,歴史,,[Leap]見出し番号 168
subject,科目,,[Leap]見出し番号 169
education,教育,,[Leap]見出し番号 170
knowledge,知識,,[Leap]見出し番号 171
uniform,制服,,[Leap]見出し番号 172
grade,学年,,[Leap]見出し番号 173
senior,最上級生,,[Leap]見出し番号 174
graduate,卒業する,,[Leap]見出し番号 175
decide,を決定する,,[Leap]見出し番号 176
judge,を判断する,,[Leap]見出し番号 177
quit,をやめる,,[Leap]見出し番号 178
retire,引退する,,[Leap]見出し番号 179
review,再検討,,[Leap]見出し番号 180
choose,を選ぶ,,[Leap]見出し番号 181
imagine,を想像する,,[Leap]見出し番号 182
guess,を推測する,,[Leap]見出し番号 183
expect,を予期する,,[Leap]見出し番号 184
predict,を予測する,,[Leap]見出し番号 185
remember,を覚えている,,[Leap]見出し番号 186
remind,に思い出させる,,[Leap]見出し番号 187
realize,を理解する,,[Leap]見出し番号 188
appreciate,を理解する,,[Leap]見出し番号 189
accept,を受け入れる,,[Leap]見出し番号 190
consider,をよく考える,,[Leap]見出し番号 191
mind,気にする,,[Leap]見出し番号 192
wonder,かなと思う,,[Leap]見出し番号 193
seem,のように思われる,,[Leap]見出し番号 194
compare,を比較する,,[Leap]見出し番号 195
concentrate,集中する,,[Leap]見出し番号 196
focus,焦点を当てる,,[Leap]見出し番号 197
allow,を許可する,,[Leap]見出し番号 198
admit,を認める,,[Leap]見出し番号 199
ground,地面,,[Leap]見出し番号 200
pollution,汚染,,[Leap]見出し番号 201
sight,光景,,[Leap]見出し番号 202
view,眺め,,[Leap]見出し番号 203
landscape,風景,,[Leap]見出し番号 204
nature,自然,,[Leap]見出し番号 205
seed,種,,[Leap]見出し番号 206
plant,植物,,[Leap]見出し番号 207
bloom,咲く,,[Leap]見出し番号 208
harvest,収穫,,[Leap]見出し番号 209
insect,昆虫,,[Leap]見出し番号 210
earthquake,地震,,[Leap]見出し番号 211
temperature,温度,,[Leap]見出し番号 212
degree,度,,[Leap]見出し番号 213
flood,洪水,,[Leap]見出し番号 214
freeze,凍る,,[Leap]見出し番号 215
reflect,を反射する,,[Leap]見出し番号 216
polite,礼儀正しい,,[Leap]見出し番号 217
rude,無礼な,,[Leap]見出し番号 218
lonely,孤独な,,[Leap]見出し番号 219
lazy,怠惰な,,[Leap]見出し番号 220
strict,厳しい,,[Leap]見出し番号 221
ugly,醜い,,[Leap]見出し番号 222
intelligent,知的な,,[Leap]見出し番号 223
silly,ばかな,,[Leap]見出し番号 224
nervous,上がって,,[Leap]見出し番号 225
awake,目を覚まして,,[Leap]見出し番号 226
alone,一人で,,[Leap]見出し番号 227
attitude,態度,,[Leap]見出し番号 228
character,性格,,[Leap]見出し番号 229
characteristic,特徴,,[Leap]見出し番号 230
feature,特徴,,[Leap]見出し番号 231
detail,詳細,,[Leap]見出し番号 232
advantage,利点,,[Leap]見出し番号 233
fault,欠点,,[Leap]見出し番号 234
quality,質,,[Leap]見出し番号 235
correct,正確な,,[Leap]見出し番号 236
ideal,理想的な,,[Leap]見出し番号 237
fair,公正な,,[Leap]見出し番号 238
appropriate,適切な,,[Leap]見出し番号 239
famous,有名な,,[Leap]見出し番号 240
elementary,初歩的な,,[Leap]見出し番号 241
major,主要な,,[Leap]見出し番号 242
matter,重要である,,[Leap]見出し番号 243
bright,明るい,,[Leap]見出し番号 244
brilliant,輝いている,,[Leap]見出し番号 245
lively,生き生きとした,,[Leap]見出し番号 246
comfortable,快適な,,[Leap]見出し番号 247
pleasant,楽しい,,[Leap]見出し番号 248
convenient,都合が良い,,[Leap]見出し番号 249
FALSE,誤った,,[Leap]見出し番号 250
terrible,ひどい,,[Leap]見出し番号 251
awful,ひどい,,[Leap]見出し番号 252
thin,薄い,,[Leap]見出し番号 253
tight,引き締まった,,[Leap]見出し番号 254
loose,ゆるい,,[Leap]見出し番号 255
raw,生の,,[Leap]見出し番号 256
empty,からの,,[Leap]見出し番号 257
smooth,なめらかな,,[Leap]見出し番号 258
direct,直接的な,,[Leap]見出し番号 259
familiar,知られた,,[Leap]見出し番号 260
similar,似た,,[Leap]見出し番号 261
differ,異なる,,[Leap]見出し番号 262
vary,様々だ,,[Leap]見出し番号 263
specific,特定の,,[Leap]見出し番号 264
common,普及した,,[Leap]見出し番号 265
unusual,珍しい,,[Leap]見出し番号 266
add,を加える,,[Leap]見出し番号 267
increase,増える,,[Leap]見出し番号 268
reduce,を減らす,,[Leap]見出し番号 269
divide,を分割する,,[Leap]見出し番号 270
count,を数える,,[Leap]見出し番号 271
weigh,の重さがある,,[Leap]見出し番号 272
quarter,4分の1,,[Leap]見出し番号 273
lot,多くの,,[Leap]見出し番号 274
pile,積み重ね,,[Leap]見出し番号 275
rate,割合,,[Leap]見出し番号 276
figure,数字,,[Leap]見出し番号 277
lack,不足,,[Leap]見出し番号 278
extra,余分な,,[Leap]見出し番号 279
ready,用意ができた,,[Leap]見出し番号 280
prepare,の準備をする,,[Leap]見出し番号 281
adjust,慣れる,,[Leap]見出し番号 282
apply,当てはまる,,[Leap]見出し番号 283
suit,に適している,,[Leap]見出し番号 284
case,場合,,[Leap]見出し番号 285
scene,場面,,[Leap]見出し番号 286
chance,機会,,[Leap]見出し番号 287
opportunity,機会,,[Leap]見出し番号 288
experience,経験,,[Leap]見出し番号 289
time,時間,,[Leap]見出し番号 290
spring,春,,[Leap]見出し番号 291
minute,分,,[Leap]見出し番号 292
age,年齢,,[Leap]見出し番号 293
generation,世代,,[Leap]見出し番号 294
anniversary,記念日,,[Leap]見出し番号 295
recently,最近,,[Leap]見出し番号 296
used,以前は～だった,,[Leap]見出し番号 297
early,早く,,[Leap]見出し番号 298
first,第1の,,[Leap]見出し番号 299
latest,最新の,,[Leap]見出し番号 300
modern,現代の,,[Leap]見出し番号 301
ancient,古代の,,[Leap]見出し番号 302
spend,を費やす,,[Leap]見出し番号 303
delay,を遅らせる,,[Leap]見出し番号 304
borrow,を借りる,,[Leap]見出し番号 305
lend,を貸す,,[Leap]見出し番号 306
rent,を借りる,,[Leap]見出し番号 307
provide,を供給する,,[Leap]見出し番号 308
board,板,,[Leap]見出し番号 309
garbage,ゴミ,,[Leap]見出し番号 310
item,品物,,[Leap]見出し番号 311
wheel,車輪,,[Leap]見出し番号 312
note,メモ,,[Leap]見出し番号 313
present,プレゼント,,[Leap]見出し番号 314
bargain,買得品,,[Leap]見出し番号 315
stuff,物,,[Leap]見出し番号 316
string,紐,,[Leap]見出し番号 317
leisure,余暇,,[Leap]見出し番号 318
diet,食事,,[Leap]見出し番号 319
furniture,家具,,[Leap]見出し番号 320
refrigerator,冷蔵庫,,[Leap]見出し番号 321
traffic,交通,,[Leap]見出し番号 322
sell,を売る,,[Leap]見出し番号 323
pay,を支払う,,[Leap]見出し番号 324
wear,を身につけている,,[Leap]見出し番号 325
clothes,服,,[Leap]見出し番号 326
marry,と結婚する,,[Leap]見出し番号 327
greet,に挨拶する,,[Leap]見出し番号 328
order,を注文する,,[Leap]見出し番号 329
room,部屋,,[Leap]見出し番号 330
story,階,,[Leap]見出し番号 331
site,用地,,[Leap]見出し番号 332
yard,庭,,[Leap]見出し番号 333
bottom,そこ,,[Leap]見出し番号 334
line,列,,[Leap]見出し番号 335
row,列,,[Leap]見出し番号 336
background,背景,,[Leap]見出し番号 337
direction,方向,,[Leap]見出し番号 338
culture,文化,,[Leap]見出し番号 339
art,芸術,,[Leap]見出し番号 340
cartoon,漫画,,[Leap]見出し番号 341
novel,小説,,[Leap]見出し番号 342
instrument,楽器,,[Leap]見出し番号 343
tune,曲,,[Leap]見出し番号 344
sentence,文,,[Leap]見出し番号 345
article,記事,,[Leap]見出し番号 346
passage,一節,,[Leap]見出し番号 347
vocabulary,語彙,,[Leap]見出し番号 348
rumor,噂,,[Leap]見出し番号 349
spell,を綴る,,[Leap]見出し番号 350
pronounce,を発音する,,[Leap]見出し番号 351
sign,兆候,,[Leap]見出し番号 352
mean,を意味する,,[Leap]見出し番号 353
publish,を出版する,,[Leap]見出し番号 354
display,を展示する,,[Leap]見出し番号 355
trust,を信頼する,,[Leap]見出し番号 356
depend,次第である,,[Leap]見出し番号 357
rely,頼る,,[Leap]見出し番号 358
pray,祈る,,[Leap]見出し番号 359
beg,を嘆願する,,[Leap]見出し番号 360
prefer,を好む,,[Leap]見出し番号 361
weep,しくしく泣く,,[Leap]見出し番号 362
hate,を嫌う,,[Leap]見出し番号 363
worry,心配をする,,[Leap]見出し番号 364
anxious,心配して,,[Leap]見出し番号 365
satisfy,を満足させる,,[Leap]見出し番号 366
annoy,を苛立たせる,,[Leap]見出し番号 367
bother,に面倒をかける,,[Leap]見出し番号 368
disturb,に迷惑をかける,,[Leap]見出し番号 369
frighten,を怯えさせる,,[Leap]見出し番号 370
regret,を後悔する,,[Leap]見出し番号 371
favor,親切な行為,,[Leap]見出し番号 372
interest,関心,,[Leap]見出し番号 373
pity,残念なこと,,[Leap]見出し番号 374
due,が原因で,,[Leap]見出し番号 375
reason,理由,,[Leap]見出し番号 376
result,結果,,[Leap]見出し番号 377
effect,効果,,[Leap]見出し番号 378
influence,影響,,[Leap]見出し番号 379
end,結局～することになる,,[Leap]見出し番号 380
cause,を引き起こす,,[Leap]見出し番号 381
affect,に影響を与える,,[Leap]見出し番号 382
way,方法,,[Leap]見出し番号 383
manner,方法,,[Leap]見出し番号 384
purpose,目的,,[Leap]見出し番号 385
sake,ため,,[Leap]見出し番号 386
right,ちょうど,,[Leap]見出し番号 387
complete,完全な,,[Leap]見出し番号 388
hardly,ほとんどない,,[Leap]見出し番号 389
almost,ほとんど,,[Leap]見出し番号 390
partly,ある程度,,[Leap]見出し番号 391
indeed,実際に,,[Leap]見出し番号 392
even,さえも,,[Leap]見出し番号 393
exactly,正確に,,[Leap]見出し番号 394
gradually,徐々に,,[Leap]見出し番号 395
therefore,それゆえに,,[Leap]見出し番号 396
instead,代わりに,,[Leap]見出し番号 397
until,まで,,[Leap]見出し番号 398
besides,に加えて,,[Leap]見出し番号 399
except,を除いて,,[Leap]見出し番号 400
debate,討論,,[Leap]見出し番号 401
criticize,を批判する,,[Leap]見出し番号 402
accuse,を非難する,,[Leap]見出し番号 403
insist,言い張る,,[Leap]見出し番号 404
object,反対する,,[Leap]見出し番号 405
protest,抗議する,,[Leap]見出し番号 406
controversial,論争を招く,,[Leap]見出し番号 407
bound,きっと,,[Leap]見出し番号 408
bet,きっと～だと思う,,[Leap]見出し番号 409
demand,を要求する,,[Leap]見出し番号 410
desire,願望,,[Leap]見出し番号 411
praise,を褒める,,[Leap]見出し番号 412
honor,名誉,,[Leap]見出し番号 413
chat,おしゃべりする,,[Leap]見出し番号 414
refer,言及する,,[Leap]見出し番号 415
mention,について述べる,,[Leap]見出し番号 416
convey,を伝える,,[Leap]見出し番号 417
demonstrate,を示す,,[Leap]見出し番号 418
emphasize,を強調する,,[Leap]見出し番号 419
exaggerate,を誇張する,,[Leap]見出し番号 420
reply,返事をする,,[Leap]見出し番号 421
respond,返答する,,[Leap]見出し番号 422
whisper,ささやく,,[Leap]見出し番号 423
remark,発言,,[Leap]見出し番号 424
observe,を観察する,,[Leap]見出し番号 425
theory,理論,,[Leap]見出し番号 426
analysis,分析,,[Leap]見出し番号 427
phenomenon,現象,,[Leap]見出し番号 428
device,装置,,[Leap]見出し番号 429
experiment,実験,,[Leap]見出し番号 430
chemical,化学物質,,[Leap]見出し番号 431
fuel,燃料,,[Leap]見出し番号 432
nuclear,原子力の,,[Leap]見出し番号 433
statistics,統計,,[Leap]見出し番号 434
pursue,を追求する,,[Leap]見出し番号 435
accomplish,をやり遂げる,,[Leap]見出し番号 436
overcome,を克服する,,[Leap]見出し番号 437
fulfill,を果たす,,[Leap]見出し番号 438
devote,を捧げる,,[Leap]見出し番号 439
strive,努力する,,[Leap]見出し番号 440
aim,狙う,,[Leap]見出し番号 441
challenge,難問,,[Leap]見出し番号 442
trial,試み,,[Leap]見出し番号 443
dizzy,めまいがして,,[Leap]見出し番号 444
appetite,食欲,,[Leap]見出し番号 445
starve,餓死する,,[Leap]見出し番号 446
mental,精神の,,[Leap]見出し番号 447
rest,休憩,,[Leap]見出し番号 448
surgery,手術,,[Leap]見出し番号 449
disease,病気,,[Leap]見出し番号 450
stomachache,腹痛,,[Leap]見出し番号 451
symptom,症状,,[Leap]見出し番号 452
cancer,癌,,[Leap]見出し番号 453
ambulance,救急車,,[Leap]見出し番号 454
recover,回復する,,[Leap]見出し番号 455
sore,痛い,,[Leap]見出し番号 456
swell,腫れる,,[Leap]見出し番号 457
cough,咳をする,,[Leap]見出し番号 458
bleed,出血する,,[Leap]見出し番号 459
faint,かすかな,,[Leap]見出し番号 460
exhaust,を疲れ果てさせる,,[Leap]見出し番号 461
cure,を治療する,,[Leap]見出し番号 462
disabled,障害のある,,[Leap]見出し番号 463
stiff,凝った,,[Leap]見出し番号 464
muscle,筋肉,,[Leap]見出し番号 465
tongue,下,,[Leap]見出し番号 466
sense,感覚,,[Leap]見出し番号 467
sweat,汗,,[Leap]見出し番号 468
gender,性,,[Leap]見出し番号 469
nationality,国籍,,[Leap]見出し番号 470
citizen,市民,,[Leap]見出し番号 471
civil,市民の,,[Leap]見出し番号 472
racial,人種の,,[Leap]見出し番号 473
rural,田舎の,,[Leap]見出し番号 474
domestic,国内の,,[Leap]見出し番号 475
global,世界的な,,[Leap]見出し番号 476
suburb,郊外,,[Leap]見出し番号 477
border,国境,,[Leap]見出し番号 478
burden,重荷,,[Leap]見出し番号 479
impact,影響,,[Leap]見出し番号 480
status,地位,,[Leap]見出し番号 481
equal,等しい,,[Leap]見出し番号 482
relationship,関係,,[Leap]見出し番号 483
reputation,評判,,[Leap]見出し番号 484
trend,風潮,,[Leap]見出し番号 485
service,事業,,[Leap]見出し番号 486
religion,宗教,,[Leap]見出し番号 487
moral,道徳的な,,[Leap]見出し番号 488
standard,基準,,[Leap]見出し番号 489
prosperity,繁栄,,[Leap]見出し番号 490
crisis,危機,,[Leap]見出し番号 491
prejudice,偏見,,[Leap]見出し番号 492
discrimination,差別,,[Leap]見出し番号 493
charity,慈善,,[Leap]見出し番号 494
benefit,恩恵,,[Leap]見出し番号 495
welfare,福祉,,[Leap]見出し番号 496
community,社会,,[Leap]見出し番号 497
individual,個人,,[Leap]見出し番号 498
official,役人,,[Leap]見出し番号 499
immigrant,移民,,[Leap]見出し番号 500
volunteer,ボランティア,,[Leap]見出し番号 501
interact,交流する,,[Leap]見出し番号 502
contribute,貢献する,,[Leap]見出し番号 503
abolish,を廃止する,,[Leap]見出し番号 504
impose,を課す,,[Leap]見出し番号 505
access,利用する権利,,[Leap]見出し番号 506
duty,義務,,[Leap]見出し番号 507
responsible,責任がある,,[Leap]見出し番号 508
policy,政策,,[Leap]見出し番号 509
elect,を選ぶ,,[Leap]見出し番号 510
industry,工業,,[Leap]見出し番号 511
income,収入,,[Leap]見出し番号 512
profit,利益,,[Leap]見出し番号 513
tax,税金,,[Leap]見出し番号 514
expense,費用,,[Leap]見出し番号 515
debt,借金,,[Leap]見出し番号 516
deposit,預金,,[Leap]見出し番号 517
charge,料金,,[Leap]見出し番号 518
wage,賃金,,[Leap]見出し番号 519
recession,不況,,[Leap]見出し番号 520
consume,を消費する,,[Leap]見出し番号 521
waste,を浪費する,,[Leap]見出し番号 522
invest,を投資する,,[Leap]見出し番号 523
import,を輸入する,,[Leap]見出し番号 524
financial,財政的な,,[Leap]見出し番号 525
hire,を雇う,,[Leap]見出し番号 526
employ,を雇う,,[Leap]見出し番号 527
resign,辞職する,,[Leap]見出し番号 528
qualify,資格がある,,[Leap]見出し番号 529
assign,を割り当てる,,[Leap]見出し番号 530
occupation,職業,,[Leap]見出し番号 531
career,職業,,[Leap]見出し番号 532
profession,職業,,[Leap]見出し番号 533
unemployment,失業,,[Leap]見出し番号 534
document,書類,,[Leap]見出し番号 535
department,部門,,[Leap]見出し番号 536
branch,支店,,[Leap]見出し番号 537
retail,小売り,,[Leap]見出し番号 538
colleague,同僚,,[Leap]見出し番号 539
system,制度,,[Leap]見出し番号 540
structure,構造,,[Leap]見出し番号 541
architecture,建築,,[Leap]見出し番号 542
construction,建設,,[Leap]見出し番号 543
function,機能,,[Leap]見出し番号 544
surface,表面,,[Leap]見出し番号 545
aspect,側面,,[Leap]見出し番号 546
edge,端,,[Leap]見出し番号 547
makeup,構成,,[Leap]見出し番号 548
consist,構成されている,,[Leap]見出し番号 549
compose,を構成する,,[Leap]見出し番号 550
attach,をくっつける,,[Leap]見出し番号 551
connect,をつなげる,,[Leap]見出し番号 552
relate,を関連づける,,[Leap]見出し番号 553
associate,を関連づける,,[Leap]見出し番号 554
stick,を貼り付ける,,[Leap]見出し番号 555
thief,泥棒,,[Leap]見出し番号 556
crime,犯罪,,[Leap]見出し番号 557
motive,動機,,[Leap]見出し番号 558
punish,を罰する,,[Leap]見出し番号 559
violate,に違反する,,[Leap]見出し番号 560
legal,合法の,,[Leap]見出し番号 561
enemy,敵,,[Leap]見出し番号 562
conflict,対立,,[Leap]見出し番号 563
compete,競争する,,[Leap]見出し番号 564
defeat,を打ち負かす,,[Leap]見出し番号 565
victim,犠牲者,,[Leap]見出し番号 566
obstacle,障害,,[Leap]見出し番号 567
harm,害,,[Leap]見出し番号 568
invade,を侵害する,,[Leap]見出し番号 569
endanger,を危険にさらす,,[Leap]見出し番号 570
interrupt,を中断する,,[Leap]見出し番号 571
spoil,を台無しにする,,[Leap]見出し番号 572
spectator,観客,,[Leap]見出し番号 573
relative,親戚,,[Leap]見出し番号 574
departure,出発,,[Leap]見出し番号 575
destination,目的地,,[Leap]見出し番号 576
transportation,交通機関,,[Leap]見出し番号 577
vehicle,車両,,[Leap]見出し番号 578
baggage,手荷物,,[Leap]見出し番号 579
via,経由で,,[Leap]見出し番号 580
lead,至る,,[Leap]見出し番号 581
rise,上がる,,[Leap]見出し番号 582
flow,流れれる,,[Leap]見出し番号 583
burst,破裂する,,[Leap]見出し番号 584
melt,溶ける,,[Leap]見出し番号 585
commute,通勤する,,[Leap]見出し番号 586
accompany,と一緒に行く,,[Leap]見出し番号 587
emit,を排出する,,[Leap]見出し番号 588
progress,進歩,,[Leap]見出し番号 589
advance,進歩,,[Leap]見出し番号 590
deal,扱う,,[Leap]見出し番号 591
handle,を扱う,,[Leap]見出し番号 592
treat,を扱う,,[Leap]見出し番号 593
clue,手がかり,,[Leap]見出し番号 594
restrict,を制限する,,[Leap]見出し番号 595
limit,を制限する,,[Leap]見出し番号 596
forbid,を禁じる,,[Leap]見出し番号 597
ban,禁止,,[Leap]見出し番号 598
refuse,するのを拒む,,[Leap]見出し番号 599
reject,を拒絶する,,[Leap]見出し番号 600
persuade,を説得して?させる,,[Leap]見出し番号 601
convince,に確信させる,,[Leap]見出し番号 602
inspire,を奮起させる,,[Leap]見出し番号 603
discourage,のやる気をなくさせる,,[Leap]見出し番号 604
promote,を促進する,,[Leap]見出し番号 605
boost,を促進させる,,[Leap]見出し番号 606
expand,拡大する,,[Leap]見出し番号 607
extend,を延長する,,[Leap]見出し番号 608
broaden,を広げる,,[Leap]見出し番号 609
spread,を広げる,,[Leap]見出し番号 610
tie,を縛る,,[Leap]見出し番号 611
fasten,を固定する,,[Leap]見出し番号 612
fix,を固定する,,[Leap]見出し番号 613
install,を設置する,,[Leap]見出し番号 614
resist,を我慢する,,[Leap]見出し番号 615
obey,に従う,,[Leap]見出し番号 616
engage,従事する,,[Leap]見出し番号 617
bump,ぶつかる,,[Leap]見出し番号 618
bend,身をかがめる,,[Leap]見出し番号 619
hug,を抱きしめる,,[Leap]見出し番号 620
stare,じっと見つめる,,[Leap]見出し番号 621
gaze,見つめる,,[Leap]見出し番号 622
glance,ちらりと見る,,[Leap]見出し番号 623
glimpse,がちらりと見える,,[Leap]見出し番号 624
stretch,を伸ばす,,[Leap]見出し番号 625
stumble,つまずく,,[Leap]見出し番号 626
press,を押す,,[Leap]見出し番号 627
drag,を引きずる,,[Leap]見出し番号 628
lean,寄りかかる,,[Leap]見出し番号 629
scratch,を引っかく,,[Leap]見出し番号 630
bow,おじぎをする,,[Leap]見出し番号 631
nod,うなずく,,[Leap]見出し番号 632
sigh,ため息をつく,,[Leap]見出し番号 633
yawn,あくびをする,,[Leap]見出し番号 634
sneeze,くしゃみをする,,[Leap]見出し番号 635
bury,を埋める,,[Leap]見出し番号 636
perform,を遂行する,,[Leap]見出し番号 637
adopt,を採用する,,[Leap]見出し番号 638
escape,逃がれる,,[Leap]見出し番号 639
scatter,をまき散らす,,[Leap]見出し番号 640
fold,を折る,,[Leap]見出し番号 641
hang,をかける,,[Leap]見出し番号 642
release,を解放する,,[Leap]見出し番号 643
strike,を打つ,,[Leap]見出し番号 644
beat,を打つ,,[Leap]見出し番号 645
protect,を守る,,[Leap]見出し番号 646
twist,を曲げる,,[Leap]見出し番号 647
skip,をサボる,,[Leap]見出し番号 648
expose,をさらす,,[Leap]見出し番号 649
stir,を混ぜる,,[Leap]見出し番号 650
shake,振る,,[Leap]見出し番号 651
polish,を磨く,,[Leap]見出し番号 652
attend,に出席する,,[Leap]見出し番号 653
imitate,を真似る,,[Leap]見出し番号 654
conduct,を行う,,[Leap]見出し番号 655
struggle,苦闘する,,[Leap]見出し番号 656
burn,焼ける,,[Leap]見出し番号 657
cheat,ごまかす,,[Leap]見出し番号 658
participate,参加する,,[Leap]見出し番号 659
exist,存在する,,[Leap]見出し番号 660
arise,生じる,,[Leap]見出し番号 661
occur,生じる,,[Leap]見出し番号 662
involve,巻き込まれる,,[Leap]見出し番号 663
require,を必要とする,,[Leap]見出し番号 664
counterpart,対応する人,,[Leap]見出し番号 665
advent,到来,,[Leap]見出し番号 666
maintain,を維持する,,[Leap]見出し番号 667
last,続く,,[Leap]見出し番号 668
persist,持続する,,[Leap]見出し番号 669
examine,を調査する,,[Leap]見出し番号 670
gain,を増す,,[Leap]見出し番号 671
obtain,を得る,,[Leap]見出し番号 672
acquire,を習得する,,[Leap]見出し番号 673
search,を探す,,[Leap]見出し番号 674
logical,論理的な,,[Leap]見出し番号 675
scholarship,奨学金,,[Leap]見出し番号 676
instruction,指示,,[Leap]見出し番号 677
determine,を決める,,[Leap]見出し番号 678
conclude,と結論をくだす,,[Leap]見出し番号 679
distinguish,を区別する,,[Leap]見出し番号 680
classify,を分類する,,[Leap]見出し番号 681
estimate,を推定する,,[Leap]見出し番号 682
organize,をまとめる,,[Leap]見出し番号 683
recognize,が誰だか分かる,,[Leap]見出し番号 684
suppose,することになっている,,[Leap]見出し番号 685
assume,と思い込む,,[Leap]見出し番号 686
care,気にする,,[Leap]見出し番号 687
approve,認める,,[Leap]見出し番号 688
notice,に気がついている,,[Leap]見出し番号 689
aware,気づいている,,[Leap]見出し番号 690
conscious,意識している,,[Leap]見出し番号 691
concerned,関心を持っている,,[Leap]見出し番号 692
regard,をみなす,,[Leap]見出し番号 693
commit,に専念する,,[Leap]見出し番号 694
doubt,を疑う,,[Leap]見出し番号 695
memorize,を暗記する,,[Leap]見出し番号 696
forgive,を許す,,[Leap]見出し番号 697
grant,を当然のことと思う,,[Leap]見出し番号 698
recall,を思い出す,,[Leap]見出し番号 699
outlook,考え方,,[Leap]見出し番号 700
perspective,視点,,[Leap]見出し番号 701
abandon,を捨てる,,[Leap]見出し番号 702
eliminate,を排除する,,[Leap]見出し番号 703
rid,を処分する,,[Leap]見出し番号 704
remove,を取り除く,,[Leap]見出し番号 705
resource,資源,,[Leap]見出し番号 706
conservation,保護,,[Leap]見出し番号 707
preserve,を保護する,,[Leap]見出し番号 708
disaster,災害,,[Leap]見出し番号 709
planet,惑星,,[Leap]見出し番号 710
environment,環境,,[Leap]見出し番号 711
horizon,水平線,,[Leap]見出し番号 712
layer,層,,[Leap]見出し番号 713
agriculture,農業,,[Leap]見出し番号 714
crop,作物,,[Leap]見出し番号 715
soil,土,,[Leap]見出し番号 716
weed,雑草,,[Leap]見出し番号 717
pollen,花粉,,[Leap]見出し番号 718
drown,おぼれ死ぬ,,[Leap]見出し番号 719
leak,漏れる,,[Leap]見出し番号 720
climate,気候,,[Leap]見出し番号 721
atmosphere,大気,,[Leap]見出し番号 722
forecast,予報,,[Leap]見出し番号 723
humid,湿気が多い,,[Leap]見出し番号 724
tropical,熱帯の,,[Leap]見出し番号 725
solar,太陽の,,[Leap]見出し番号 726
species,種,,[Leap]見出し番号 727
pesticide,殺虫剤,,[Leap]見出し番号 728
extinct,絶滅した,,[Leap]見出し番号 729
feed,に餌を与える,,[Leap]見出し番号 730
energetic,活発な,,[Leap]見出し番号 731
greedy,貪欲な,,[Leap]見出し番号 732
brave,勇敢な,,[Leap]見出し番号 733
generous,気前の良い,,[Leap]見出し番号 734
intellectual,知的な,,[Leap]見出し番号 735
curious,好奇心が強い,,[Leap]見出し番号 736
imaginative,想像力豊かな,,[Leap]見出し番号 737
afford,する余裕がある,,[Leap]見出し番号 738
eager,熱心な,,[Leap]見出し番号 739
selfish,利己的な,,[Leap]見出し番号 740
aggressive,攻撃的な,,[Leap]見出し番号 741
cruel,残酷な,,[Leap]見出し番号 742
addicted,の中毒になっている,,[Leap]見出し番号 743
stubborn,頑固な,,[Leap]見出し番号 744
bold,大胆な,,[Leap]見出し番号 745
guilty,申し訳なく思う,,[Leap]見出し番号 746
innocent,無実の,,[Leap]見出し番号 747
sincere,誠実な,,[Leap]見出し番号 748
modest,謙虚な,,[Leap]見出し番号 749
stupid,ばかな,,[Leap]見出し番号 750
indifferent,無関心で,,[Leap]見出し番号 751
punctual,時間を守る,,[Leap]見出し番号 752
coward,臆病者,,[Leap]見出し番号 753
precise,正確な,,[Leap]見出し番号 754
accurate,正確な,,[Leap]見出し番号 755
proper,適切な,,[Leap]見出し番号 756
tidy,きちんとした,,[Leap]見出し番号 757
efficient,能率的な,,[Leap]見出し番号 758
reasonable,理にかなった,,[Leap]見出し番号 759
significant,重要な,,[Leap]見出し番号 760
precious,貴重な,,[Leap]見出し番号 761
essential,不可欠な,,[Leap]見出し番号 762
fundamental,根本的な,,[Leap]見出し番号 763
outweigh,に勝る,,[Leap]見出し番号 764
critical,重大な,,[Leap]見出し番号 765
serious,深刻な,,[Leap]見出し番号 766
complex,複雑な,,[Leap]見出し番号 767
complicated,複雑な,,[Leap]見出し番号 768
delicate,繊細な,,[Leap]見出し番号 769
plain,明白な,,[Leap]見出し番号 770
obvious,明白な,,[Leap]見出し番号 771
remarkable,注目すべき,,[Leap]見出し番号 772
outstanding,傑出した,,[Leap]見出し番号 773
various,様々な,,[Leap]見出し番号 774
diversity,多様性,,[Leap]見出し番号 775
sort,種類,,[Leap]見出し番号 776
marvelous,驚くべき,,[Leap]見出し番号 777
active,積極的な,,[Leap]見出し番号 778
positive,前向きな,,[Leap]見出し番号 779
pure,純粋な,,[Leap]見出し番号 780
steady,着実な,,[Leap]見出し番号 781
flexible,柔軟な,,[Leap]見出し番号 782
ripe,熟した,,[Leap]見出し番号 783
stable,安定した,,[Leap]見出し番号 784
negative,否定的な,,[Leap]見出し番号 785
vague,曖昧な,,[Leap]見出し番号 786
weird,変な,,[Leap]見出し番号 787
rough,荒い,,[Leap]見出し番号 788
severe,厳しい,,[Leap]見出し番号 789
passive,受動的な,,[Leap]見出し番号 790
vain,無駄に,,[Leap]見出し番号 791
fake,偽の,,[Leap]見出し番号 792
risky,危険な,,[Leap]見出し番号 793
odd,奇妙な,,[Leap]見出し番号 794
ignorant,無知の,,[Leap]見出し番号 795
contrast,対比,,[Leap]見出し番号 796
valid,妥当な,,[Leap]見出し番号 797
rare,珍しい,,[Leap]見出し番号 798
casual,気楽な,,[Leap]見出し番号 799
Available,手に入る,,[Leap]見出し番号 800
Practical,現実的な,,[Leap]見出し番号 801
Abstract,抽象的な,,[Leap]見出し番号 802
Brand new,新品の,,[Leap]見出し番号 803
Second-hand,中古の,,[Leap]見出し番号 804
Rapid,急速な,,[Leap]見出し番号 805
Urgent,緊急の,,[Leap]見出し番号 806
Shallow,浅い,,[Leap]見出し番号 807
Sharp,急激な,,[Leap]見出し番号 808
Calm,落ち着いた,,[Leap]見出し番号 809
Naked,裸の,,[Leap]見出し番号 810
Independent,独立した,,[Leap]見出し番号 811
Tense,張り詰めた,,[Leap]見出し番号 812
Narrow,狭い,,[Leap]見出し番号 813
Vacant,空いている,,[Leap]見出し番号 814
Vivid,鮮明な,,[Leap]見出し番号 815
Awkward,ぎこちない,,[Leap]見出し番号 816
Objective,客観的な,,[Leap]見出し番号 817
Manual,手を使う,,[Leap]見出し番号 818
Alike,似ている,,[Leap]見出し番号 819
Alien,異質な,,[Leap]見出し番号 820
Tend,する傾向にある,,[Leap]見出し番号 821
Deserve,に値する,,[Leap]見出し番号 822
Fragment,破片,,[Leap]見出し番号 823
Range,範囲,,[Leap]見出し番号 824
Scale,規模,,[Leap]見出し番号 825
Unique,特有の,,[Leap]見出し番号 826
Particular,ある特定の,,[Leap]見出し番号 827
Typical,典型的な,,[Leap]見出し番号 828
General,一般的な,,[Leap]見出し番号 829
Ordinary,平凡な,,[Leap]見出し番号 830
Account,占める,,[Leap]見出し番号 831
Calculate,を計算する,,[Leap]見出し番号 832
Measure,を測る,,[Leap]見出し番号 833
Decline,減る,,[Leap]見出し番号 834
Split,を割る,,[Leap]見出し番号 835
Volume,容積,,[Leap]見出し番号 836
Proportion,比率,,[Leap]見出し番号 837
Dozen,ダース,,[Leap]見出し番号 838
Amount,量,,[Leap]見出し番号 839
Mass,大量,,[Leap]見出し番号 840
Shortage,不足,,[Leap]見出し番号 841
Enormous,莫大な,,[Leap]見出し番号 842
Spare,余分な,,[Leap]見出し番号 843
Arrange,を手配する,,[Leap]見出し番号 844
Adapt,適用する,,[Leap]見出し番号 845
Match,と調和する,,[Leap]見出し番号 846
Fit,に合う,,[Leap]見出し番号 847
Emergency,緊急事態,,[Leap]見出し番号 848
Occasion,場合,,[Leap]見出し番号 849
Accidental,偶然の,,[Leap]見出し番号 850
Current,最新の,,[Leap]見出し番号 851
Temporary,一時的な,,[Leap]見出し番号 852
Permanent,永久的な,,[Leap]見出し番号 853
Previous,前の,,[Leap]見出し番号 854
Former,前者,,[Leap]見出し番号 855
Contemporary,現代の,,[Leap]見出し番号 856
Lately,最近,,[Leap]見出し番号 857
Immediately,すぐに,,[Leap]見出し番号 858
Deadline,締め切り,,[Leap]見出し番号 859
Decade,10年,,[Leap]見出し番号 860
Supply,を供給する,,[Leap]見出し番号 861
Replace,にとって代わる,,[Leap]見出し番号 862
Exchange,を交換する,,[Leap]見出し番号 863
Substitute,代わりにをもちいる,,[Leap]見出し番号 864
Submit,を提出する,,[Leap]見出し番号 865
Alternative,代わりのもの,,[Leap]見出し番号 866
Deliver,を配達する,,[Leap]見出し番号 867
Enclose,を同封する,,[Leap]見出し番号 868
Envelope,封筒,,[Leap]見出し番号 869
Trick,いたずら,,[Leap]見出し番号 870
Load,に,,[Leap]見出し番号 871
Content,中身,,[Leap]見出し番号 872
Household,世帯,,[Leap]見出し番号 873
Good,商品,,[Leap]見出し番号 874
Luxury,高級,,[Leap]見出し番号 875
Credit,クレジットカード,,[Leap]見出し番号 876
Questionnaire,アンケート,,[Leap]見出し番号 877
Reservation,予約,,[Leap]見出し番号 878
Fuss,大騒ぎ,,[Leap]見出し番号 879
Reward,報酬,,[Leap]見出し番号 880
Farewell,別れ,,[Leap]見出し番号 881
Reception,もてなし,,[Leap]見出し番号 882
Portion,一盛り,,[Leap]見出し番号 883
Laundry,洗濯,,[Leap]見出し番号 884
Nap,昼寝,,[Leap]見出し番号 885
Wake,目が覚める,,[Leap]見出し番号 886
Vending machine,自動販売機,,[Leap]見出し番号 887
Grocery,食料雑貨店,,[Leap]見出し番号 888
Appointment,予約,,[Leap]見出し番号 889
Consult,に相談する,,[Leap]見出し番号 890
Register,を登録する,,[Leap]見出し番号 891
Die,を染める,,[Leap]見出し番号 892
Subscribe,定期購読する,,[Leap]見出し番号 893
Guarantee,を保証する,,[Leap]見出し番号 894
Wipe,を拭く,,[Leap]見出し番号 895
Sweep,を掃く,,[Leap]見出し番号 896
Transfer,乗り換える,,[Leap]見出し番号 897
Divorce,離婚する,,[Leap]見出し番号 898
Fate,運命,,[Leap]見出し番号 899
Destiny,運命,,[Leap]見出し番号 900
Flavor,風味,,[Leap]見出し番号 901
Perfume,香り,,[Leap]見出し番号 902
Ingredient,材料,,[Leap]見出し番号 903
Bitter,苦い,,[Leap]見出し番号 904
Aisle,通路,,[Leap]見出し番号 905
Track,足跡,,[Leap]見出し番号 906
District,地区,,[Leap]見出し番号 907
Facility,施設,,[Leap]見出し番号 908
Height,高さ,,[Leap]見出し番号 909
Distant,遠い,,[Leap]見出し番号 910
Locate,に位置している,,[Leap]見出し番号 911
Occupy,を占める,,[Leap]見出し番号 912
Surround,を取り囲む,,[Leap]見出し番号 913
Classical,クラシックの,,[Leap]見出し番号 914
Civilization,文明,,[Leap]見出し番号 915
Heritage,遺産,,[Leap]見出し番号 916
Script,台本,,[Leap]見出し番号 917
Tale,話,,[Leap]見出し番号 918
Literature,文学,,[Leap]見出し番号 919
Tragedy,悲劇,,[Leap]見出し番号 920
Poetry,詩,,[Leap]見出し番号 921
Biography,伝記,,[Leap]見出し番号 922
Term,用語,,[Leap]見出し番号 923
Proverb,ことわざ,,[Leap]見出し番号 924
Dialect,方言,,[Leap]見出し番号 925
Fluent,流暢な,,[Leap]見出し番号 926
Translate,を翻訳する,,[Leap]見出し番号 927
Define,を定義する,,[Leap]見出し番号 928
Interpret,を解釈する,,[Leap]見出し番号 929
Quote,を引用する,,[Leap]見出し番号 930
Literally,文字通りに,,[Leap]見出し番号 931
Indicate,を示す,,[Leap]見出し番号 932
Reveal,を明らかにする,,[Leap]見出し番号 933
Announce,を発表する,,[Leap]見出し番号 934
Broadcast,を放送する,,[Leap]見出し番号 935
Prove,を証明する,,[Leap]見出し番号 936
Advertise,を宣伝する,,[Leap]見出し番号 937
Clarify,を明らかにする,,[Leap]見出し番号 938
Seek,を求める,,[Leap]見出し番号 939
Entertain,を楽しませる,,[Leap]見出し番号 940
Amuse,を楽しませる,,[Leap]見出し番号 941
Attract,を引きつける,,[Leap]見出し番号 942
Fascinate,を魅了する,,[Leap]見出し番号 943
Absorb,に没頭する,,[Leap]見出し番号 944
Fond,好きだ,,[Leap]見出し番号 945
Scare,をおびえさせる,,[Leap]見出し番号 946
Alarm,をぎょっとさせる,,[Leap]見出し番号 947
Amaze,を驚かせる,,[Leap]見出し番号 948
Irritate,をイライラさせる,,[Leap]見出し番号 949
Upset,を動揺させる,,[Leap]見出し番号 950
Puzzle,を当惑させる,,[Leap]見出し番号 951
Confuse,を混乱させる,,[Leap]見出し番号 952
Bore,をうんざりさせる,,[Leap]見出し番号 953
Frustrate,を欲求不満にさせる,,[Leap]見出し番号 954
Disappoint,を失望させる,,[Leap]見出し番号 955
Embarrass,に恥ずかしい思いをさせる,,[Leap]見出し番号 956
Ashamed,恥ずかしい,,[Leap]見出し番号 957
Uneasy,不安な,,[Leap]見出し番号 958
Hesitate,ためらう,,[Leap]見出し番号 959
Reluctant,気が進まない,,[Leap]見出し番号 960
Tremble,震える,,[Leap]見出し番号 961
Boast,自慢する,,[Leap]見出し番号 962
Jelous,嫉妬した,,[Leap]見出し番号 963
Envy,を羨ましく思う,,[Leap]見出し番号 964
Yell,叫ぶ,,[Leap]見出し番号 965
Respect,を尊敬する,,[Leap]見出し番号 966
Despair,絶望,,[Leap]見出し番号 967
Emotion,感情,,[Leap]見出し番号 968
Sympathy,同情,,[Leap]見出し番号 969
Shame,残念なこと,,[Leap]見出し番号 970
Confidence,自信,,[Leap]見出し番号 971
Courage,勇気,,[Leap]見出し番号 972
Passion,情熱,,[Leap]見出し番号 973
Sorrow,悲しみ,,[Leap]見出し番号 974
Ignore,を無視する,,[Leap]見出し番号 975
Offend,を怒らせる,,[Leap]見出し番号 976
Depress,を憂鬱にさせる,,[Leap]見出し番号 977
Owe,のおかげだ,,[Leap]見出し番号 978
Fear,恐怖,,[Leap]見出し番号 979
Method,方法,,[Leap]見出し番号 980
Medium,手段,,[Leap]見出し番号 981
Means,手段,,[Leap]見出し番号 982
Extent,程度,,[Leap]見出し番号 983
Extremely,極度に,,[Leap]見出し番号 984
Total,全体の,,[Leap]見出し番号 985
Largely,大部分は,,[Leap]見出し番号 986
Moderate,適度な,,[Leap]見出し番号 987
Somewhat,幾分,,[Leap]見出し番号 988
Subtle,かすかな,,[Leap]見出し番号 989
Possibly,ひょっとすると,,[Leap]見出し番号 990
Eventually,最終的に,,[Leap]見出し番号 991
Necessarily,必ずしも,,[Leap]見出し番号 992
Frankly,率直に,,[Leap]見出し番号 993
Ironically,皮肉なことに,,[Leap]見出し番号 994
Moreover,その上,,[Leap]見出し番号 995
Otherwise,さもなければ,,[Leap]見出し番号 996
Regardless,無関係に,,[Leap]見出し番号 997
Worth,の価値がある,,[Leap]見出し番号 998
According to,によれば,,[Leap]見出し番号 999
Despite,にもかかわらず,,[Leap]見出し番号 1000
Propose,を提案する,,[Leap]見出し番号 1001
Dismiss,を退ける,,[Leap]見出し番号 1002
Bless,を祝福する,,[Leap]見出し番号 1003
Glory,栄光,,[Leap]見出し番号 1004
Compliment,褒め言葉,,[Leap]見出し番号 1005
Feast,宴会,,[Leap]見出し番号 1006
Declare,を宣言する,,[Leap]見出し番号 1007
Highlight,を強調する,,[Leap]見出し番号 1008
Imply,をほのめかす,,[Leap]見出し番号 1009
Recite,を暗唱する,,[Leap]見出し番号 1010
Ray,光線,,[Leap]見出し番号 1011
Radiation,放射線,,[Leap]見出し番号 1012
Laboratory,研究室,,[Leap]見出し番号 1013
Oxygen,酸素,,[Leap]見出し番号 1014
Molecule,分子,,[Leap]見出し番号 1015
Compound,化合物,,[Leap]見出し番号 1016
Tissue,組織,,[Leap]見出し番号 1017
Cell,細胞,,[Leap]見出し番号 1018
Gene,遺伝子,,[Leap]見出し番号 1019
Substance,物質,,[Leap]見出し番号 1020
Solid,固体の,,[Leap]見出し番号 1021
Satellite,衛星,,[Leap]見出し番号 1022
Orbit,軌道,,[Leap]見出し番号 1023
Launch,を打ち上げる,,[Leap]見出し番号 1024
Attempt,試み,,[Leap]見出し番号 1025
Capacity,能力,,[Leap]見出し番号 1026
Capable,力がある,,[Leap]見出し番号 1027
Attain,を達成する,,[Leap]見出し番号 1028
Desperate,必死の,,[Leap]見出し番号 1029
Dedicate,を捧げる,,[Leap]見出し番号 1030
Pain,苦痛,,[Leap]見出し番号 1031
Strain,負担,,[Leap]見出し番号 1032
Remedy,治療法,,[Leap]見出し番号 1033
Pharmacy,薬局,,[Leap]見出し番号 1034
Physician,医師,,[Leap]見出し番号 1035
Disorder,不調,,[Leap]見出し番号 1036
Pregnant,妊娠した,,[Leap]見出し番号 1037
Clinical,臨床の,,[Leap]見出し番号 1038
Heal,を治す,,[Leap]見出し番号 1039
Infect,に感染させる,,[Leap]見出し番号 1040
Ankle,足首,,[Leap]見出し番号 1041
Thumb,親指,,[Leap]見出し番号 1042
Forehead,額,,[Leap]見出し番号 1043
Chin,顎,,[Leap]見出し番号 1044
Chest,胸,,[Leap]見出し番号 1045
Breast,胸,,[Leap]見出し番号 1046
Lung,肺,,[Leap]見出し番号 1047
Organ,臓器,,[Leap]見出し番号 1048
Vision,視力,,[Leap]見出し番号 1049
Skeleton,骸骨,,[Leap]見出し番号 1050
Sensation,感覚,,[Leap]見出し番号 1051
Code,規定,,[Leap]見出し番号 1052
Agenda,議題,,[Leap]見出し番号 1053
Liberty,自由,,[Leap]見出し番号 1054
Committee,委員会,,[Leap]見出し番号 1055
Humanity,人類,,[Leap]見出し番号 1056
Mankind,人類,,[Leap]見出し番号 1057
Authority,権威,,[Leap]見出し番号 1058
Justice,正義,,[Leap]見出し番号 1059
Insurance,保険,,[Leap]見出し番号 1060
Hardship,苦難,,[Leap]見出し番号 1061
Poverty,貧困,,[Leap]見出し番号 1062
Chaos,大混乱,,[Leap]見出し番号 1063
Isolation,孤立,,[Leap]見出し番号 1064
Region,地域,,[Leap]見出し番号 1065
Proof,証拠,,[Leap]見出し番号 1066
Warranty,保証,,[Leap]見出し番号 1067
Principle,原理,,[Leap]見出し番号 1068
Origin,起源,,[Leap]見出し番号 1069
Setting,環境,,[Leap]見出し番号 1070
Mission,任務,,[Leap]見出し番号 1071
Project,計画,,[Leap]見出し番号 1072
Monument,記念碑,,[Leap]見出し番号 1073
Revolution,革命,,[Leap]見出し番号 1074
Contract,契約,,[Leap]見出し番号 1075
Infrastructure,インフラ,,[Leap]見出し番号 1076
Negotiate,交渉する,,[Leap]見出し番号 1077
Cooperate,協力する,,[Leap]見出し番号 1078
Restore,を回復する,,[Leap]見出し番号 1079
Found,を創立する,,[Leap]見出し番号 1080
Conservative,保守的な,,[Leap]見出し番号 1081
Affair,情勢,,[Leap]見出し番号 1082
Agency,機関,,[Leap]見出し番号 1083
Council,議会,,[Leap]見出し番号 1084
Kingdom,界,,[Leap]見出し番号 1085
Republic,共和国,,[Leap]見出し番号 1086
Empire,帝国,,[Leap]見出し番号 1087
Aid,援助,,[Leap]見出し番号 1088
Reform,改革,,[Leap]見出し番号 1089
Minister,大臣,,[Leap]見出し番号 1090
Parliament,議会,,[Leap]見出し番号 1091
Territory,領土,,[Leap]見出し番号 1092
Poll,世論調査,,[Leap]見出し番号 1093
Fortune,財産,,[Leap]見出し番号 1094
Property,財産,,[Leap]見出し番号 1095
Fund,資金,,[Leap]見出し番号 1096
Stock,株,,[Leap]見出し番号 1097
Labor,労働,,[Leap]見出し番号 1098
Overwork,働きすぎる,,[Leap]見出し番号 1099
Firm,会社,,[Leap]見出し番号 1100
Union,労働組合,,[Leap]見出し番号 1101
Administration,経営,,[Leap]見出し番号 1102
Secretary,秘書,,[Leap]見出し番号 1103
Editor,編集長,,[Leap]見出し番号 1104
Client,依頼人,,[Leap]見出し番号 1105
Recruit,を新規採用する,,[Leap]見出し番号 1106
Basis,基礎,,[Leap]見出し番号 1107
Element,要素,,[Leap]見出し番号 1108
Constitute,を構成する,,[Leap]見出し番号 1109
Unify,を統一する,,[Leap]見出し番号 1110
Combine,を結びつける,,[Leap]見出し番号 1111
Unite,団結する,,[Leap]見出し番号 1112
Link,関連,,[Leap]見出し番号 1113
Relevant,関連のある,,[Leap]見出し番号 1114
Murder,殺人,,[Leap]見出し番号 1115
Arrest,を逮捕する,,[Leap]見出し番号 1116
Prison,刑務所,,[Leap]見出し番号 1117
Vice,犯罪,,[Leap]見出し番号 1118
Witness,目撃者,,[Leap]見出し番号 1119
Bullet,弾丸,,[Leap]見出し番号 1120
Sword,剣,,[Leap]見出し番号 1121
Wound,傷,,[Leap]見出し番号 1122
Triumph,勝利,,[Leap]見出し番号 1123
Military,軍事的な,,[Leap]見出し番号 1124
Strategy,戦略,,[Leap]見出し番号 1125
Conquer,を征服する,,[Leap]見出し番号 1126
Defend,を守る,,[Leap]見出し番号 1127
Dominate,を支配する,,[Leap]見出し番号 1128
Rob,を襲う,,[Leap]見出し番号 1129
Deprive,から奪う,,[Leap]見出し番号 1130
Devastate,を壊滅させる,,[Leap]見出し番号 1131
Crash,激突する,,[Leap]見出し番号 1132
Hazard,危険,,[Leap]見出し番号 1133
Debris,破片,,[Leap]見出し番号 1134
Orphan,孤児,,[Leap]見出し番号 1135
Slave,奴隷,,[Leap]見出し番号 1136
Acquaintance,知人,,[Leap]見出し番号 1137
Merchant,商人,,[Leap]見出し番号 1138
Resident,住民,,[Leap]見出し番号 1139
Crew,乗組員,,[Leap]見出し番号 1140
Chase,を追いかける,,[Leap]見出し番号 1141
Proceed,進む,,[Leap]見出し番号 1142
Fade,褪せる,,[Leap]見出し番号 1143
Dissolve,溶ける,,[Leap]見出し番号 1144
Float,浮かぶ,,[Leap]見出し番号 1145
Sink,沈む,,[Leap]見出し番号 1146
Bounce,跳ねる,,[Leap]見出し番号 1147
Transform,を変える,,[Leap]見出し番号 1148
Shift,転換,,[Leap]見出し番号 1149
Modify,を修正する,,[Leap]見出し番号 1150
Revise,を修正する,,[Leap]見出し番号 1151
Enhance,を向上させる,,[Leap]見出し番号 1152
Lower,を下げる,,[Leap]見出し番号 1153
Voyage,航海,,[Leap]見出し番号 1154
Confirm,を確認する,,[Leap]見出し番号 1155
Ensure,を確実にする,,[Leap]見出し番号 1156
Address,に取り組む,,[Leap]見出し番号 1157
Approach,取り組み方,,[Leap]見出し番号 1158
Resolve,を解決する,,[Leap]見出し番号 1159
Settle,を解決する,,[Leap]見出し番号 1160
Enrich,を豊かにする,,[Leap]見出し番号 1161
Warn,に警告する,,[Leap]見出し番号 1162
Force,に強いる,,[Leap]見出し番号 1163
Appeal,訴える,,[Leap]見出し番号 1164
Applause,拍手,,[Leap]見出し番号 1165
Leap,飛ぶ,,[Leap]見出し番号 1166
Grab,を掴む,,[Leap]見出し番号 1167
Seize,を掴む,,[Leap]見出し番号 1168
Cast,を投げる,,[Leap]見出し番号 1169
Stun,を気絶させる,,[Leap]見出し番号 1170
Illuminate,を照らす,,[Leap]見出し番号 1171
Uncover,を明らかにする,,[Leap]見出し番号 1172
Mend,を修繕する,,[Leap]見出し番号 1173
React,反応する,,[Leap]見出し番号 1174
Endure,に耐える,,[Leap]見出し番号 1175
Bind,を結びつける,,[Leap]見出し番号 1176
Encounter,に偶然出会う,,[Leap]見出し番号 1177
Trace,を探し出す,,[Leap]見出し番号 1178
Undergo,を経験する,,[Leap]見出し番号 1179
Seal,を密閉する,,[Leap]見出し番号 1180
Incorporate,を取り入れる,,[Leap]見出し番号 1181
Emerge,現れる,,[Leap]見出し番号 1182
Unfold,展開する,,[Leap]見出し番号 1183
Derive,由来する,,[Leap]見出し番号 1184
Generate,を生み出す,,[Leap]見出し番号 1185
Possess,を所有している,,[Leap]見出し番号 1186
Retain,を保持する,,[Leap]見出し番号 1187
Secure,を確保する,,[Leap]見出し番号 1188
Capture,を捕らえる,,[Leap]見出し番号 1189
Monitor,を監視する,,[Leap]見出し番号 1190
Investigate,を調査する,,[Leap]見出し番号 1191
Detect,を探知する,,[Leap]見出し番号 1192
Inquiry,調査,,[Leap]見出し番号 1193
Specialize,先攻する,,[Leap]見出し番号 1194
Semester,学期,,[Leap]見出し番号 1195
Biology,生物学,,[Leap]見出し番号 1196
Ecology,生態,,[Leap]見出し番号 1197
Philosophy,哲学,,[Leap]見出し番号 1198
Geography,地理,,[Leap]見出し番号 1199
Institution,機関,,[Leap]見出し番号 1200
Faculty,能力,,[Leap]見出し番号 1201
Intermediate,中級の,,[Leap]見出し番号 1202
Notion,考え,,[Leap]見出し番号 1203
Concept,概念,,[Leap]見出し番号 1204
Meditation,瞑想,,[Leap]見出し番号 1205
Insight,洞察,,[Leap]見出し番号 1206
Caution,用心,,[Leap]見出し番号 1207
Will,意志,,[Leap]見出し番号 1208
Option,選択肢,,[Leap]見出し番号 1209
Prospect,見通し,,[Leap]見出し番号 1210
Cherish,を大切にする,,[Leap]見出し番号 1211
Intend,するつもりだ,,[Leap]見出し番号 1212
Suspect,ではなかろうかと思う,,[Leap]見出し番号 1213
Identify,を特定する,,[Leap]見出し番号 1214
Permit,を許可する,,[Leap]見出し番号 1215
Acknowledge,を認める,,[Leap]見出し番号 1216
Perceive,を認識する,,[Leap]見出し番号 1217
Evaluate,を評価する,,[Leap]見出し番号 1218
Cultivate,を耕す,,[Leap]見出し番号 1219
Shade,日陰,,[Leap]見出し番号 1220
Breeze,そよ風,,[Leap]見出し番号 1221
Desert,砂漠,,[Leap]見出し番号 1222
Fog,霧,,[Leap]見出し番号 1223
Moisture,湿気,,[Leap]見出し番号 1224
Damp,湿った,,[Leap]見出し番号 1225
Path,道,,[Leap]見出し番号 1226
Trail,参道,,[Leap]見出し番号 1227
Stream,小川,,[Leap]見出し番号 1228
Tide,潮,,[Leap]見出し番号 1229
Reef,礁,,[Leap]見出し番号 1230
Habitat,生息地,,[Leap]見出し番号 1231
Volcano,火山,,[Leap]見出し番号 1232
Mine,鉱山,,[Leap]見出し番号 1233
Swallow,ツバメ,,[Leap]見出し番号 1234
Web,巣,,[Leap]見出し番号 1235
Mosquito,蚊,,[Leap]見出し番号 1236
Cattle,牛,,[Leap]見出し番号 1237
Kitten,子猫,,[Leap]見出し番号 1238
Organism,生物,,[Leap]見出し番号 1239
Wildlife,野生生物,,[Leap]見出し番号 1240
Beast,野獣,,[Leap]見出し番号 1241
Ape,類人猿,,[Leap]見出し番号 1242
Flock,群れ,,[Leap]見出し番号 1243
Vein,静脈,,[Leap]見出し番号 1244
Breed,繁殖する,,[Leap]見出し番号 1245
Reproduce,繁殖する,,[Leap]見出し番号 1246
Talkative,おしゃべりの,,[Leap]見出し番号 1247
Earnest,真面目な,,[Leap]見出し番号 1248
Diligent,勤勉な,,[Leap]見出し番号 1249
Principal,主要な,,[Leap]見出し番号 1250
Prime,最重要の,,[Leap]見出し番号 1251
Definite,明確な,,[Leap]見出し番号 1252
Evident,明らかな,,[Leap]見出し番号 1253
Prominent,目立った,,[Leap]見出し番号 1254
Marked,際立たった,,[Leap]見出し番号 1255
Grace,優美さ,,[Leap]見出し番号 1256
Charm,魅力,,[Leap]見出し番号 1257
Fancy,高級な,,[Leap]見出し番号 1258
Rational,理性的な,,[Leap]見出し番号 1259
Magnificent,壮大な,,[Leap]見出し番号 1259
Superior,より優れている,,[Leap]見出し番号 1261
Loyal,忠実な,,[Leap]見出し番号 1262
Horrible,とてもひどい,,[Leap]見出し番号 1263
Miserable,悲惨な,,[Leap]見出し番号 1264
Dull,退屈な,,[Leap]見出し番号 1265
Nasty,不快な,,[Leap]見出し番号 1266
Insane,正気でない,,[Leap]見出し番号 1267
Ridiculous,馬鹿げた,,[Leap]見出し番号 1268
Rotten,腐った,,[Leap]見出し番号 1269
Notorious,悪名高い,,[Leap]見出し番号 1270
Evil,悪い,,[Leap]見出し番号 1271
Mess,乱雑,,[Leap]見出し番号 1272
Vast,広大な,,[Leap]見出し番号 1273
Huge,巨大な,,[Leap]見出し番号 1274
Tiny,とても小さな,,[Leap]見出し番号 1275
Sphere,球体,,[Leap]見出し番号 1276
Strip,細長い一片,,[Leap]見出し番号 1277
Vessel,くだ,,[Leap]見出し番号 1278
Internal,内部の,,[Leap]見出し番号 1279
Mobile,流動的な,,[Leap]見出し番号 1280
Steep,険しい,,[Leap]見出し番号 1281
Intense,強烈な,,[Leap]見出し番号 1282
Inevitabale,避けられない,,[Leap]見出し番号 1283
Neutral,中立の,,[Leap]見出し番号 1284
Brief,手短な,,[Leap]見出し番号 1285
Bare,むき出しの,,[Leap]見出し番号 1286
Mutual,相互の,,[Leap]見出し番号 1287
Potential,潜在的な,,[Leap]見出し番号 1288
Tough,たくましい,,[Leap]見出し番号 1289
Conventional,従来の,,[Leap]見出し番号 1290
Supreme,最高の,,[Leap]見出し番号 1291
Resemble,に似ている,,[Leap]見出し番号 1292
Contrary,それどころか,,[Leap]見出し番号 1293
Category,範疇,,[Leap]見出し番号 1294
Scope,範囲,,[Leap]見出し番号 1295
Given,定められた,,[Leap]見出し番号 1296
Peculiar,固有の,,[Leap]見出し番号 1297
Sufficient,十分な,,[Leap]見出し番号 1298
Numerous,多くの,,[Leap]見出し番号 1299
Substantial,かなりの,,[Leap]見出し番号 1300
Unit,単位,,[Leap]見出し番号 1301
Diameter,直径,,[Leap]見出し番号 1302
Arithmetic,算術,,[Leap]見出し番号 1303
Quantity,量,,[Leap]見出し番号 1304
Deficiency,欠乏,,[Leap]見出し番号 1305
Maximum,最大限,,[Leap]見出し番号 1306
Bunch,束,,[Leap]見出し番号 1307
Lessen,を減らす,,[Leap]見出し番号 1308
Era,時代,,[Leap]見出し番号 1309
Session,期間,,[Leap]見出し番号 1310
Pause,休止,,[Leap]見出し番号 1311
Annual,年に一度の,,[Leap]見出し番号 1312
Eternal,永遠の,,[Leap]見出し番号 1313
Initial,最初の,,[Leap]見出し番号 1314
Prior,より前の,,[Leap]見出し番号 1315
Subsequent,続いて起こる,,[Leap]見出し番号 1316
Meanwhile,その間,,[Leap]見出し番号 1317
Routine,決まりきった仕事,,[Leap]見出し番号 1318
Souvenir,土産,,[Leap]見出し番号 1319
Brick,レンガ,,[Leap]見出し番号 1320
Pole,棒,,[Leap]見出し番号 1321
Mischief,いたずら,,[Leap]見出し番号 1322
Superstition,迷信,,[Leap]見出し番号 1323
Storage,貯蔵,,[Leap]見出し番号 1324
Shelter,避難,,[Leap]見出し番号 1325
Garment,衣類,,[Leap]見出し番号 1326
Canal,運河,,[Leap]見出し番号 1327
Cabinet,戸棚,,[Leap]見出し番号 1328
Incident,出来事,,[Leap]見出し番号 1329
Circumstance,状況,,[Leap]見出し番号 1330
Fetch,を取ってくる,,[Leap]見出し番号 1331
Distribute,を分配する,,[Leap]見出し番号 1332
Purchase,を購入する,,[Leap]見出し番号 1333
Statue,像,,[Leap]見出し番号 1334
Sculpture,彫刻,,[Leap]見出し番号 1335
Myth,神話,,[Leap]見出し番号 1336
Craft,工芸,,[Leap]見出し番号 1337
Journal,雑誌,,[Leap]見出し番号 1338
Encyclopedia,百科事典,,[Leap]見出し番号 1339
Heaven,天国,,[Leap]見出し番号 1340
Funeral,葬式,,[Leap]見出し番号 1341
Soul,魂,,[Leap]見出し番号 1342
Priest,神父,,[Leap]見出し番号 1343
Faith,信仰,,[Leap]見出し番号 1344
Sacred,神聖な,,[Leap]見出し番号 1345
Divine,神の,,[Leap]見出し番号 1346
Muslim,イスラム教徒,,[Leap]見出し番号 1347
Context,文脈,,[Leap]見出し番号 1348
Singular,単数の,,[Leap]見出し番号 1349
Command,言語を操る力,,[Leap]見出し番号 1350
Instance,例,,[Leap]見出し番号 1351
Dialogue,会話,,[Leap]見出し番号 1352
Usage,語法,,[Leap]見出し番号 1353
Vowel,母音,,[Leap]見出し番号 1354
Pronoun,代名詞,,[Leap]見出し番号 1355
Accent,訛り,,[Leap]見出し番号 1356
Outline,の要点を述べる,,[Leap]見出し番号 1357
Remote,辺鄙な,,[Leap]見出し番号 1358
Ambition,願望,,[Leap]見出し番号 1359
Temper,気性,,[Leap]見出し番号 1360
Affection,愛情,,[Leap]見出し番号 1361
Enthusiasm,情熱,,[Leap]見出し番号 1362
Rage,激怒,,[Leap]見出し番号 1363
Incredible,信じられない,,[Leap]見出し番号 1364
Chuckle,くすくす笑う,,[Leap]見出し番号 1365
Dare,思い切ってする,,[Leap]見出し番号 1366
Scream,悲鳴をあげる,,[Leap]見出し番号 1367
Soothe,をなだめる,,[Leap]見出し番号 1368
Tempt,を誘惑する,,[Leap]見出し番号 1369
Scold,を叱る,,[Leap]見出し番号 1370
Oppress,を圧迫する,,[Leap]見出し番号 1371
Threaten,を脅かす,,[Leap]見出し番号 1372
Mourn,を嘆く,,[Leap]見出し番号 1373
Sacrifice,を犠牲にする,,[Leap]見出し番号 1374
Curse,災いの元,,[Leap]見出し番号 1375
Stem,原因である,,[Leap]見出し番号 1376
Trigger,のきっかけになる,,[Leap]見出し番号 1377
Consequence,結果,,[Leap]見出し番号 1378
Process,過程,,[Leap]見出し番号 1379
Resort,訴える,,[Leap]見出し番号 1380
Formula,方法,,[Leap]見出し番号 1381
Procedure,手続き,,[Leap]見出し番号 1382
Extraordinary,並外れた,,[Leap]見出し番号 1383
Absolute,絶対的な,,[Leap]見出し番号 1384
Overwhelming,圧倒的な,,[Leap]見出し番号 1385
Altogether,完全に,,[Leap]見出し番号 1386
Entire,全ての,,[Leap]見出し番号 1387
Tremendous,凄まじい,,[Leap]見出し番号 1388
Sheer,とてつもないの,,[Leap]見出し番号 1389
Partial,部分的な,,[Leap]見出し番号 1390
Barely,かろうじて,,[Leap]見出し番号 1391
Approximately,およそ,,[Leap]見出し番号 1392
Frequently,頻繁に,,[Leap]見出し番号 1393
Apparently,見たところでは,,[Leap]見出し番号 1394
Merely,にすぎない,,[Leap]見出し番号 1395
Nevertheless,それにもかかわらず,,[Leap]見出し番号 1396
Somehow,何らかの方法で,,[Leap]見出し番号 1397
Thus,それゆえ,,[Leap]見出し番号 1398
Afterward,その後,,[Leap]見出し番号 1399
On behalf of,を代表して,,[Leap]見出し番号 1400
Assert,と断言する,,[Leap]見出し番号 1401
Defy,に逆らう,,[Leap]見出し番号 1402
Condemn,を非難する,,[Leap]見出し番号 1403
Cite,を引き合いに出す,,[Leap]見出し番号 1404
Illustrate,を説明する,,[Leap]見出し番号 1405
Refute,を論破する,,[Leap]見出し番号 1406
Sue,を訴える,,[Leap]見出し番号 1407
Articulate,はっきり述べる,,[Leap]見出し番号 1408
Version,解釈,,[Leap]見出し番号 1409
Advocate,提唱者,,[Leap]見出し番号 1410
Breakthrough,飛躍的進歩,,[Leap]見出し番号 1411
Evolution,進化,,[Leap]見出し番号 1412
Innovation,革新,,[Leap]見出し番号 1413
Probe,探査機,,[Leap]見出し番号 1414
Fluid,流体,,[Leap]見出し番号 1415
Particle,粒子,,[Leap]見出し番号 1416
Gravity,重力,,[Leap]見出し番号 1417
Hypothesis,仮説,,[Leap]見出し番号 1418
Specimen,標本,,[Leap]見出し番号 1419
Microbe,微生物,,[Leap]見出し番号 1420
Poison,毒,,[Leap]見出し番号 1421
Acid,酸性の,,[Leap]見出し番号 1422
Toxic,有害な,,[Leap]見出し番号 1423
Endeavor,努力,,[Leap]見出し番号 1424
Doom,の運命にある,,[Leap]見出し番号 1425
Manufacture,を製造する,,[Leap]見出し番号 1426
Yield,を産出する,,[Leap]見出し番号 1427
Duplicate,を複製する,,[Leap]見出し番号 1428
Assemble,を組み立てる,,[Leap]見出し番号 1429
Mold,を作る,,[Leap]見出し番号 1430
Coin,を作り出す,,[Leap]見出し番号 1431
Therapy,治療,,[Leap]見出し番号 1432
Injection,注射,,[Leap]見出し番号 1433
Dose,服用量,,[Leap]見出し番号 1434
Sanitation,衛生,,[Leap]見出し番号 1435
Germ,細菌,,[Leap]見出し番号 1436
Tumor,腫瘍,,[Leap]見出し番号 1437
Stroke,卒中,,[Leap]見出し番号 1438
Agony,苦痛,,[Leap]見出し番号 1439
Plague,疫病,,[Leap]見出し番号 1440
Fatigue,疲労,,[Leap]見出し番号 1441
Diagnosis,診断,,[Leap]見出し番号 1442
Mortality,死亡率,,[Leap]見出し番号 1443
Nursing,看護,,[Leap]見出し番号 1444
Chronic,慢性の,,[Leap]見出し番号 1445
Immune,免疫の,,[Leap]見出し番号 1446
Terminal,末期の,,[Leap]見出し番号 1447
Sound,健全な,,[Leap]見出し番号 1448
Respiratory,呼吸の,,[Leap]見出し番号 1449
Choke,息が詰まる,,[Leap]見出し番号 1450
Paralyze,を麻痺させる,,[Leap]見出し番号 1451
Prescribe,を処方する,,[Leap]見出し番号 1452
Digest,を消化する,,[Leap]見出し番号 1453
Weary,疲れている,,[Leap]見出し番号 1454
Nourish,に栄養を与える,,[Leap]見出し番号 1455
Appalling,ぞっとするような,,[Leap]見出し番号 1456
Flesh,肉,,[Leap]見出し番号 1457
Limb,手足,,[Leap]見出し番号 1458
Erect,直立した,,[Leap]見出し番号 1459
Spinal,脊椎の,,[Leap]見出し番号 1460
Suck,を吸う,,[Leap]見出し番号 1461
Shrug,すくめる,,[Leap]見出し番号 1462
Compensate,に保障する,,[Leap]見出し番号 1463
Abuse,虐待,,[Leap]見出し番号 1464
Bias,偏見,,[Leap]見出し番号 1465
Prestige,名声,,[Leap]見出し番号 1466
Privilege,特権,,[Leap]見出し番号 1467
Feat,偉業,,[Leap]見出し番号 1468
Dignity,威厳,,[Leap]見出し番号 1469
Virtue,美徳,,[Leap]見出し番号 1470
Aristocracy,貴族,,[Leap]見出し番号 1471
Rebel,反逆者,,[Leap]見出し番号 1472
Scheme,計画,,[Leap]見出し番号 1473
Convention,会議,,[Leap]見出し番号 1474
Conference,会議,,[Leap]見出し番号 1475
Consent,合意,,[Leap]見出し番号 1476
Initiative,進行層,,[Leap]見出し番号 1477
Province,州,,[Leap]見出し番号 1478
Colony,植民地,,[Leap]見出し番号 1479
Frontier,辺境,,[Leap]見出し番号 1480
Treaty,条約,,[Leap]見出し番号 1481
Tribe,部族,,[Leap]見出し番号 1482
Pension,年金,,[Leap]見出し番号 1483
Stake,利害関係,,[Leap]見出し番号 1484
Coverage,報道,,[Leap]見出し番号 1485
Obligation,責任,,[Leap]見出し番号 1486
Hygiene,衛生,,[Leap]見出し番号 1487
Supervisor,監督者,,[Leap]見出し番号 1488
Norm,普通のこと,,[Leap]見出し番号 1489
Patent,特許,,[Leap]見出し番号 1490
Primitive,原始的な,,[Leap]見出し番号 1491
Ethnic,民族の,,[Leap]見出し番号 1492
Anonymous,匿名の,,[Leap]見出し番号 1493
Metropolitan,大都市の,,[Leap]見出し番号 1494
Entitled,権利がある,,[Leap]見出し番号 1495
Demographic,人口統計上の,,[Leap]見出し番号 1496
Donate,を寄付する,,[Leap]見出し番号 1497
Flourish,栄える,,[Leap]見出し番号 1498
Conform,合わせる,,[Leap]見出し番号 1499
Comply,従う,,[Leap]見出し番号 1500
Legislation,法律,,[Leap]見出し番号 1501
Testimony,証言,,[Leap]見出し番号 1502
Jury,陪審,,[Leap]見出し番号 1503
Legitimate,正当な,,[Leap]見出し番号 1504
Enforce,を施行する,,[Leap]見出し番号 1505
Regime,政権,,[Leap]見出し番号 1506
Bureaucracy,官僚制度,,[Leap]見出し番号 1507
Corruption,腐敗,,[Leap]見出し番号 1508
Tyranny,圧制,,[Leap]見出し番号 1509
Sanction,制裁,,[Leap]見出し番号 1510
Candidate,候補,,[Leap]見出し番号 1511
Senator,上院議員,,[Leap]見出し番号 1512
Ambassador,大使,,[Leap]見出し番号 1513
Diplomat,外交官,,[Leap]見出し番号 1514
Refugee,難民,,[Leap]見出し番号 1515
Ally,同盟国,,[Leap]見出し番号 1516
Reign,統治,,[Leap]見出し番号 1517
Federal,連邦の,,[Leap]見出し番号 1518
Communist,共産主義の,,[Leap]見出し番号 1519
Municipal,市の,,[Leap]見出し番号 1520
Estate,財産,,[Leap]見出し番号 1521
Asset,財産,,[Leap]見出し番号 1522
Revenue,歳入,,[Leap]見出し番号 1523
Deficit,赤字,,[Leap]見出し番号 1524
Commerce,商業,,[Leap]見出し番号 1525
Output,生産高,,[Leap]見出し番号 1526
Subsidy,補助金,,[Leap]見出し番号 1527
Transaction,取引,,[Leap]見出し番号 1528
Bankrupt,倒産した,,[Leap]見出し番号 1529
Monetary,貨幣の,,[Leap]見出し番号 1530
Corporation,企業,,[Leap]見出し番号 1531
Enterprise,企業,,[Leap]見出し番号 1532
Venture,事業,,[Leap]見出し番号 1533
Headquarters,本社,,[Leap]見出し番号 1534
Personnel,全職員,,[Leap]見出し番号 1535
Entrepreneur,企業家,,[Leap]見出し番号 1536
Predecessor,前任者,,[Leap]見出し番号 1537
Toil,骨折って働く,,[Leap]見出し番号 1538
Undertake,を引き受ける,,[Leap]見出し番号 1539
Merge,合併する,,[Leap]見出し番号 1540
Comprise,からなる,,[Leap]見出し番号 1541
Component,構成要素,,[Leap]見出し番号 1542
Framework,枠組み,,[Leap]見出し番号 1543
Prototype,原型,,[Leap]見出し番号 1544
Dimension,側面,,[Leap]見出し番号 1545
Margin,余白,,[Leap]見出し番号 1546
Excel,優れている,,[Leap]見出し番号 1547
Contradict,と矛盾する,,[Leap]見出し番号 1548
Consensus,合意,,[Leap]見出し番号 1549
Converse,正反対,,[Leap]見出し番号 1550
Inequality,不平等,,[Leap]見出し番号 1551
Equivalent,等しい,,[Leap]見出し番号 1552
Compatible,適合する,,[Leap]見出し番号 1553
Identical,同一の,,[Leap]見出し番号 1554
Correspond,一致する,,[Leap]見出し番号 1555
Random,無作為の,,[Leap]見出し番号 1556
Warrior,戦士,,[Leap]見出し番号 1557
Assault,襲撃,,[Leap]見出し番号 1558
Troop,軍隊,,[Leap]見出し番号 1559
Shield,盾,,[Leap]見出し番号 1560
Torture,拷問,,[Leap]見出し番号 1561
Dispute,論争,,[Leap]見出し番号 1562
Combat,戦闘,,[Leap]見出し番号 1563
Tactics,戦術,,[Leap]見出し番号 1564
Quarrel,口論する,,[Leap]見出し番号 1565
Contend,戦う,,[Leap]見出し番号 1566
Slaughter,を虐殺する,,[Leap]見出し番号 1567
Suppress,を鎮圧する,,[Leap]見出し番号 1568
Surrender,降伏する,,[Leap]見出し番号 1569
Hostile,敵意のある,,[Leap]見出し番号 1570
Wreck,残骸,,[Leap]見出し番号 1571
Toll,犠牲者,,[Leap]見出し番号 1572
Disrupt,をかき乱す,,[Leap]見出し番号 1573
Interfere,邪魔する,,[Leap]見出し番号 1574
Confront,に立ちふさがる,,[Leap]見出し番号 1575
Explode,爆発する,,[Leap]見出し番号 1576
Collide,衝突する,,[Leap]見出し番号 1577
Nephew,甥,,[Leap]見出し番号 1578
Infant,幼児,,[Leap]見出し番号 1579
Spouse,配偶者,,[Leap]見出し番号 1580
Heir,相続人,,[Leap]見出し番号 1581
Folk,人々,,[Leap]見出し番号 1582
Peer,同等の人,,[Leap]見出し番号 1583
Recipient,受け取る人,,[Leap]見出し番号 1584
Navigate,進路を決める,,[Leap]見出し番号 1585
Flee,逃亡する,,[Leap]見出し番号 1586
Retreat,退く,,[Leap]見出し番号 1587
Crawl,這って進む,,[Leap]見出し番号 1588
Hover,空中に留まる,,[Leap]見出し番号 1589
Drift,漂う,,[Leap]見出し番号 1590
Alter,を変える,,[Leap]見出し番号 1591
Convert,を転換する,,[Leap]見出し番号 1592
Overtake,を追い越す,,[Leap]見出し番号 1593
Dispatch,を派遣する,,[Leap]見出し番号 1594
Shrink,縮む,,[Leap]見出し番号 1595
Wither,凋れる,,[Leap]見出し番号 1596
Descend,降下する,,[Leap]見出し番号 1597
Accelerate,を加速する,,[Leap]見出し番号 1598
Fluctuate,変動する,,[Leap]見出し番号 1599
Distort,を歪める,,[Leap]見出し番号 1600
Crack,割れる,,[Leap]見出し番号 1601
Transition,移り変わり,,[Leap]見出し番号 1602
Game changer,革命的なこと,,[Leap]見出し番号 1603
Reinforce,を補強する,,[Leap]見出し番号 1604
Foster,を育成する,,[Leap]見出し番号 1605
Breakdown,崩壊,,[Leap]見出し番号 1606
Collapse,崩壊する,,[Leap]見出し番号 1607
Render,にする,,[Leap]見出し番号 1608
Impair,を低下させる,,[Leap]見出し番号 1609
Undermine,を弱める,,[Leap]見出し番号 1610
Cope,対処する,,[Leap]見出し番号 1611
Tackle,に取り組む,,[Leap]見出し番号 1612
Demolish,を取り壊す,,[Leap]見出し番号 1613
Confine,を閉じ込める,,[Leap]見出し番号 1614
Designate,を指定する,,[Leap]見出し番号 1615
Regulate,を規制する,,[Leap]見出し番号 1616
Refrain,控える,,[Leap]見出し番号 1617
Prohibit,を禁じる,,[Leap]見出し番号 1618
Halt,を止める,,[Leap]見出し番号 1619
Constraint,制約,,[Leap]見出し番号 1620
Stimulate,を刺激する,,[Leap]見出し番号 1621
Animate,を活気づける,,[Leap]見出し番号 1622
Spur,を駆り立てる,,[Leap]見出し番号 1623
Urge,をせきたてる,,[Leap]見出し番号 1624
Compel,に強制する,,[Leap]見出し番号 1625
Blur,をぼやかす,,[Leap]見出し番号 1626
Divert,の方向を変える,,[Leap]見出し番号 1627
Reverse,を逆転する,,[Leap]見出し番号 1628
Overshadow,の影を薄くさせる,,[Leap]見出し番号 1629
Worsen,を悪化させる,,[Leap]見出し番号 1630
Jeopardize,を危険にさらす,,[Leap]見出し番号 1631
Supplement,を補う,,[Leap]見出し番号 1632
Pose,をもたらす,,[Leap]見出し番号 1633
Induce,を引き起こす,,[Leap]見出し番号 1634
Betray,を裏切る,,[Leap]見出し番号 1635
Bully,をいじめる,,[Leap]見出し番号 1636
Disregard,を無視する,,[Leap]見出し番号 1637
Squeeze,を絞る,,[Leap]見出し番号 1638
Rub,をこする,,[Leap]見出し番号 1639
Smash,を粉砕する,,[Leap]見出し番号 1640
Insert,を差し込む,,[Leap]見出し番号 1641
Detach,を切り離す,,[Leap]見出し番号 1642
Withdraw,を引っ込める,,[Leap]見出し番号 1643
Compile,をまとめる,,[Leap]見出し番号 1644
Browse,拾い読みする,,[Leap]見出し番号 1645
Manipulate,を操作する,,[Leap]見出し番号 1646
Implement,を実行する,,[Leap]見出し番号 1647
Execute,を遂行する,,[Leap]見出し番号 1648
Host,を主催する,,[Leap]見出し番号 1649
Mount,を据え付ける,,[Leap]見出し番号 1650
Discharge,を排出する,,[Leap]見出し番号 1651
Drain,の水を抜く,,[Leap]見出し番号 1652
Soak,を浸す,,[Leap]見出し番号 1653
Dip,をつける,,[Leap]見出し番号 1654
Suspend,を吊るす,,[Leap]見出し番号 1655
Extract,を取り出す,,[Leap]見出し番号 1656
Slap,平手打ちする,,[Leap]見出し番号 1657
Embrace,を抱擁する,,[Leap]見出し番号 1658
Embark,着手する,,[Leap]見出し番号 1659
Intervene,介入する,,[Leap]見出し番号 1660
Penetrate,に入り込む,,[Leap]見出し番号 1661
Intrude,立ち入る,,[Leap]見出し番号 1662
Utilize,を利用する,,[Leap]見出し番号 1663
Embed,を埋め込む,,[Leap]見出し番号 1664
Allocate,を割り当てる,,[Leap]見出し番号 1665
Coordinate,をうまく調整する,,[Leap]見出し番号 1666
Blink,瞬きする,,[Leap]見出し番号 1667
Spin,ぐるぐる回る,,[Leap]見出し番号 1668
Rotate,回転する,,[Leap]見出し番号 1669
Scramble,急いで動く,,[Leap]見出し番号 1670
Vanish,消える,,[Leap]見出し番号 1671
Snap,ポキッと折れる,,[Leap]見出し番号 1672
Rattle,ガタガタ鳴る,,[Leap]見出し番号 1673
Cease,しなくなる,,[Leap]見出し番号 1674
Haste,急ぐこと,,[Leap]見出し番号 1675
Conceal,を隠す,,[Leap]見出し番号 1676
Disguise,を隠す,,[Leap]見出し番号 1677
Deceive,をだます,,[Leap]見出し番号 1678
Neglect,をおこたる,,[Leap]見出し番号 1679
Evacuate,を避難させる,,[Leap]見出し番号 1680
Coincide,同時に起きる,,[Leap]見出し番号 1681
Prevail,普及している,,[Leap]見出し番号 1682
Sustain,を維持する,,[Leap]見出し番号 1683
Linger,残る,,[Leap]見出し番号 1684
Revive,生き返る,,[Leap]見出し番号 1685
Resume,を再開する,,[Leap]見出し番号 1686
Outbreak,発生,,[Leap]見出し番号 1687
Inspect,を検査する,,[Leap]見出し番号 1688
Expedition,探検,,[Leap]見出し番号 1689
Enroll,入学する,,[Leap]見出し番号 1690
Discipline,を躾ける,,[Leap]見出し番号 1691
Tuition,授業料,,[Leap]見出し番号 1692
Ethic,倫理,,[Leap]見出し番号 1693
Psychology,心理学,,[Leap]見出し番号 1694
Astronomy,天文学,,[Leap]見出し番号 1695
Archaeologist,考古学者,,[Leap]見出し番号 1696
Thesis,論文,,[Leap]見出し番号 1697
Dormitory,寮,,[Leap]見出し番号 1698
Grasp,を理解する,,[Leap]見出し番号 1699
Anticipate,を予想する,,[Leap]見出し番号 1700
Foresee,を予知する,,[Leap]見出し番号 1701
Infer,を推測する,,[Leap]見出し番号 1702
Deduce,を推定する,,[Leap]見出し番号 1703
Deem,だと思う,,[Leap]見出し番号 1704
Ponder,を熟考する,,[Leap]見出し番号 1705
Assure,に保証する,,[Leap]見出し番号 1706
Assess,を評価する,,[Leap]見出し番号 1707
Concede,を認める,,[Leap]見出し番号 1708
Compromise,妥協する,,[Leap]見出し番号 1709
Comprehend,を理解している,,[Leap]見出し番号 1710
Reconcile,を調和させる,,[Leap]見出し番号 1711
Instill,を教える,,[Leap]見出し番号 1712
Alert,油断のない,,[Leap]見出し番号 1713
Cognitive,認知の,,[Leap]見出し番号 1714
Intuition,直感,,[Leap]見出し番号 1715
Vow,誓い,,[Leap]見出し番号 1716
Nightmare,悪夢,,[Leap]見出し番号 1717
Stereotype,固定観念,,[Leap]見出し番号 1718
Illusion,幻想,,[Leap]見出し番号 1719
Criterion,基準,,[Leap]見出し番号 1720
Ideology,イデオロギー,,[Leap]見出し番号 1721
Tolerate,を大目に見る,,[Leap]見出し番号 1722
Overlook,を見落とす,,[Leap]見出し番号 1723
Conceive,を思い浮かべる,,[Leap]見出し番号 1724
Misunderstand,を誤解している,,[Leap]見出し番号 1725
Keen,鋭い,,[Leap]見出し番号 1726
Subjective,主観的な,,[Leap]見出し番号 1727
Compulsory,義務的な,,[Leap]見出し番号 1728
Relieve,を取り除く,,[Leap]見出し番号 1729
Trim,を刈り込む,,[Leap]見出し番号 1730
Disposal,処分,,[Leap]見出し番号 1731
Scent,香り,,[Leap]見出し番号 1732
Grain,穀物,,[Leap]見出し番号 1733
Wheat,小麦,,[Leap]見出し番号 1734
Deforestation,森林伐採,,[Leap]見出し番号 1735
Drought,干魃,,[Leap]見出し番号 1736
Irrigation,灌漑,,[Leap]見出し番号 1737
Spectacle,光景,,[Leap]見出し番号 1738
Altitude,標高,,[Leap]見出し番号 1739
Catastrophe,大災害,,[Leap]見出し番号 1740
Wilderness,荒野,,[Leap]見出し番号 1741
Decay,腐敗,,[Leap]見出し番号 1742
Erosion,侵食,,[Leap]見出し番号 1743
Flame,炎,,[Leap]見出し番号 1744
Galaxy,銀河,,[Leap]見出し番号 1745
Chill,寒気,,[Leap]見出し番号 1746
Thermal,熱の,,[Leap]見出し番号 1747
Fertile,肥沃な,,[Leap]見出し番号 1748
Fossil,化石化した,,[Leap]見出し番号 1749
Exploit,を利用する,,[Leap]見出し番号 1750
Contaminate,を汚染する,,[Leap]見出し番号 1751
Erupt,噴火する,,[Leap]見出し番号 1752
Roar,吠える,,[Leap]見出し番号 1753
Inhabit,に生息している,,[Leap]見出し番号 1754
Nurture,を育てる,,[Leap]見出し番号 1755
Owl,フクロウ,,[Leap]見出し番号 1756
Instinct,本能,,[Leap]見出し番号 1757
Prey,獲物,,[Leap]見出し番号 1758
Anatomy,解剖,,[Leap]見出し番号 1759
Mammal,哺乳動物,,[Leap]見出し番号 1760
Predator,捕食動物,,[Leap]見出し番号 1761
Hybrid,交配種,,[Leap]見出し番号 1762
Skull,頭蓋骨,,[Leap]見出し番号 1763
Timber,材木,,[Leap]見出し番号 1764
Textile,織物,,[Leap]見出し番号 1765
Fabric,布地,,[Leap]見出し番号 1766
Mill,製造工場,,[Leap]見出し番号 1767
Weave,を織る,,[Leap]見出し番号 1768
Competent,有能な,,[Leap]見出し番号 1769
Optimistic,楽観的な,,[Leap]見出し番号 1770
Patriotic,愛国的な,,[Leap]見出し番号 1771
Noble,高潔な,,[Leap]見出し番号 1772
Naughty,いたずらな,,[Leap]見出し番号 1773
Arrogant,傲慢な,,[Leap]見出し番号 1774
Vigorous,精力的な,,[Leap]見出し番号 1775
Humble,控えめな,,[Leap]見出し番号 1776
Eligible,資格のある,,[Leap]見出し番号 1777
Courtesy,礼儀正しさ,,[Leap]見出し番号 1778
Resilient,回復の早い,,[Leap]見出し番号 1779
Inclined,する傾向がある,,[Leap]見出し番号 1780
Haunt,につきまとう,,[Leap]見出し番号 1781
Intent,没頭した,,[Leap]見出し番号 1782
Indulge,ふける,,[Leap]見出し番号 1783
Flaw,傷,,[Leap]見出し番号 1784
Defect,欠陥,,[Leap]見出し番号 1785
Trait,特性,,[Leap]見出し番号 1786
Analogy,類似点,,[Leap]見出し番号 1787
Parallel,類似,,[Leap]見出し番号 1788
Indispensable,不可欠な,,[Leap]見出し番号 1789
Crucial,重大な,,[Leap]見出し番号 1790
Grave,重大な,,[Leap]見出し番号 1791
Primary,主な,,[Leap]見出し番号 1792
Vital,不可欠な,,[Leap]見出し番号 1793
Integral,不可欠な,,[Leap]見出し番号 1794
Profound,深い,,[Leap]見出し番号 1795
Grim,厳しい,,[Leap]見出し番号 1796
Fierce,激しい,,[Leap]見出し番号 1797
Harsh,厳しい,,[Leap]見出し番号 1798
Acute,深刻な,,[Leap]見出し番号 1799
Ambigious,曖昧な,,[Leap]見出し番号 1800
Misleading,誤解を招く,,[Leap]見出し番号 1801
Obscure,ぼやけた,,[Leap]見出し番号 1802
Mature,成熟した,,[Leap]見出し番号 1803
Neat,きちんとした,,[Leap]見出し番号 1804
Decent,まともな,,[Leap]見出し番号 1805
Straightforward,わかりやすい,,[Leap]見出し番号 1806
Sophisticated,高度な,,[Leap]見出し番号 1807
Elaborate,手の込んだ,,[Leap]見出し番号 1808
Prompt,迅速な,,[Leap]見出し番号 1809
Swift,素早い,,[Leap]見出し番号 1810
Mighty,強力な,,[Leap]見出し番号 1811
Explicit,明確な,,[Leap]見出し番号 1812
Authentic,本物の,,[Leap]見出し番号 1813
Wit,機知,,[Leap]見出し番号 1814
Thrive,好調である,,[Leap]見出し番号 1815
Dim,薄暗い,,[Leap]見出し番号 1816
Gloomy,薄暗い,,[Leap]見出し番号 1817
Barren,不毛な,,[Leap]見出し番号 1818
Idle,何もしていない,,[Leap]見出し番号 1819
Adverse,不都合な,,[Leap]見出し番号 1820
Tiresome,退屈な,,[Leap]見出し番号 1821
Clumsy,不器用な,,[Leap]見出し番号 1822
Foul,不快な,,[Leap]見出し番号 1823
Shabby,みすぼらしい,,[Leap]見出し番号 1824
Outrageous,常軌を逸した,,[Leap]見出し番号 1825
Absurd,馬鹿げた,,[Leap]見出し番号 1826
Fragile,壊れやすい,,[Leap]見出し番号 1827
Vulnerable,傷つきやすい,,[Leap]見出し番号 1828
Static,静的な,,[Leap]見出し番号 1829
Innate,先天的の,,[Leap]見出し番号 1830
Exotic,外来の,,[Leap]見出し番号 1831
Tame,飼いならされた,,[Leap]見出し番号 1832
Manifest,明らかな,,[Leap]見出し番号 1833
Dense,密接した,,[Leap]見出し番号 1834
Transparent,透明な,,[Leap]見出し番号 1835
Consistent,矛盾のない,,[Leap]見出し番号 1836
Coherent,一貫している,,[Leap]見出し番号 1837
Universal,普遍的な,,[Leap]見出し番号 1838
Underlying,根底にある,,[Leap]見出し番号 1839
Spontaneous,自然発生的な,,[Leap]見出し番号 1840
Mock,模擬の,,[Leap]見出し番号 1841
Collective,集団の,,[Leap]見出し番号 1842
Vertical,垂直の,,[Leap]見出し番号 1843
Ongoing,進行中の,,[Leap]見出し番号 1844
Tender,柔らかい,,[Leap]見出し番号 1845
Upright,直立して,,[Leap]見出し番号 1846
Ease,簡単さ,,[Leap]見出し番号 1847
Rust,錆,,[Leap]見出し番号 1848
Stain,染み,,[Leap]見出し番号 1849
Rag,ぼろきれ,,[Leap]見出し番号 1850
Texture,感触,,[Leap]見出し番号 1851
Preliminary,予備的な,,[Leap]見出し番号 1852
Mandatory,義務的な,,[Leap]見出し番号 1853
Indigenous,固有の,,[Leap]見出し番号 1854
Respective,それぞれの,,[Leap]見出し番号 1855
Multiply,を増やす,,[Leap]見出し番号 1856
Soar,急上昇する,,[Leap]見出し番号 1857
Diminish,減少する,,[Leap]見出し番号 1858
Accumulate,を蓄積する,,[Leap]見出し番号 1859
Exceed,を超える,,[Leap]見出し番号 1860
Abundant,豊富な,,[Leap]見出し番号 1861
Ample,豊富な,,[Leap]見出し番号 1862
Gross,総計の,,[Leap]見出し番号 1863
Infinite,無限の,,[Leap]見出し番号 1864
Sole,唯一の,,[Leap]見出し番号 1865
Heap,山,,[Leap]見出し番号 1866
Fraction,少量,,[Leap]見出し番号 1867
Simultaneous,同時の,,[Leap]見出し番号 1868
Medieval,中世の,,[Leap]見出し番号 1869
Dawn,夜明け,,[Leap]見出し番号 1870
Span,期間,,[Leap]見出し番号 1871
Adolescent,思春期の若者,,[Leap]見出し番号 1872
Millennium,千年間,,[Leap]見出し番号 1873
Expire,期限が切れる,,[Leap]見出し番号 1874
Postpone,を延期する,,[Leap]見出し番号 1875
Periodically,定期的に,,[Leap]見出し番号 1876
Array,様々な,,[Leap]見出し番号 1877
Realm,領域,,[Leap]見出し番号 1878
Domain,領域,,[Leap]見出し番号 1879
Boundary,境界,,[Leap]見出し番号 1880
Spectrum,範囲,,[Leap]見出し番号 1881
Equip,を装備させる,,[Leap]見出し番号 1882
Transmit,を送る,,[Leap]見出し番号 1883
Endow,を授ける,,[Leap]見出し番号 1884
Inherit,を受け継ぐ,,[Leap]見出し番号 1885
Retrieve,を回収する,,[Leap]見出し番号 1886
Displace,に取って代わる,,[Leap]見出し番号 1887
Bond,絆,,[Leap]見出し番号 1888
Hospitality,もてなし,,[Leap]見出し番号 1889
Certificate,証明書,,[Leap]見出し番号 1890
Brochure,パンフレット,,[Leap]見出し番号 1891
Outlet,コンセント,,[Leap]見出し番号 1892
Accommodation,宿泊施設,,[Leap]見出し番号 1893
Haven,避難所,,[Leap]見出し番号 1894
Venue,開催地,,[Leap]見出し番号 1895
Intersection,交差点,,[Leap]見出し番号 1896
Pavement,歩道,,[Leap]見出し番号 1897
Pedestrian,歩行者,,[Leap]見出し番号 1898
Excursion,小旅行,,[Leap]見出し番号 1899
Shipping,発送,,[Leap]見出し番号 1900
Thread,糸,,[Leap]見出し番号 1901
Ornament,飾り,,[Leap]見出し番号 1902
Cosmetic,化粧品,,[Leap]見出し番号 1903
Chamber,部屋,,[Leap]見出し番号 1904
Commodity,商品,,[Leap]見出し番号 1905
Dwell,住む,,[Leap]見出し番号 1906
Acoustic,音響の,,[Leap]見出し番号 1907
Recipe,レシピ,,[Leap]見出し番号 1908
Intake,摂取,,[Leap]見出し番号 1909
Precede,に先行する,,[Leap]見出し番号 1910
Phase,段階,,[Leap]見出し番号 1911
Priority,優先,,[Leap]見出し番号 1912
Premise,前提,,[Leap]見出し番号 1913
Tomb,墓,,[Leap]見出し番号 1914
Legend,伝説,,[Leap]見出し番号 1915
Masterpiece,傑作,,[Leap]見出し番号 1916
Ritual,儀式,,[Leap]見出し番号 1917
Worship,崇拝,,[Leap]見出し番号 1918
Doctrine,教義,,[Leap]見出し番号 1919
Legacy,遺産,,[Leap]見出し番号 1920
Sin,罪,,[Leap]見出し番号 1921
Swear,誓う,,[Leap]見出し番号 1922
Confess,白状する,,[Leap]見出し番号 1923
Carve,を彫る,,[Leap]見出し番号 1924
Murmur,つぶやく,,[Leap]見出し番号 1925
Verbal,言葉による,,[Leap]見出し番号 1926
Oral,口述の,,[Leap]見出し番号 1927
Eloquent,雄弁な,,[Leap]見出し番号 1928
Linguistic,言語の,,[Leap]見出し番号 1929
Metaphor,隠喩,,[Leap]見出し番号 1930
Prose,散文,,[Leap]見出し番号 1931
Narrative,語り,,[Leap]見出し番号 1932
Plot,筋,,[Leap]見出し番号 1933
Draft,下書き,,[Leap]見出し番号 1934
Manuscript,原稿,,[Leap]見出し番号 1935
Paradox,逆説,,[Leap]見出し番号 1936
Slang,俗語,,[Leap]見出し番号 1937
Riddle,なぞなぞ,,[Leap]見出し番号 1938
Exhibit,を展示する,,[Leap]見出し番号 1939
Portray,を描く,,[Leap]見出し番号 1940
Depict,を描く,,[Leap]見出し番号 1941
Landmark,目印,,[Leap]見出し番号 1942
Tease,をからかう,,[Leap]見出し番号 1943
Delight,を喜ばせる,,[Leap]見出し番号 1944
Astonish,を驚かせる,,[Leap]見出し番号 1945
Dread,を恐れる,,[Leap]見出し番号 1946
Attribute,のせいだとする,,[Leap]見出し番号 1947
Console,を慰める,,[Leap]見出し番号 1948
Arouse,を呼び起こす,,[Leap]見出し番号 1949
Distract,をそらす,,[Leap]見出し番号 1950
Startle,を驚かせる,,[Leap]見出し番号 1951
Thrill,ぞくぞくさせる,,[Leap]見出し番号 1952
Humiliate,に恥をかかせる,,[Leap]見出し番号 1953
Adore,を熱愛している,,[Leap]見出し番号 1954
Utter,を発する,,[Leap]見出し番号 1955
Exclaim,叫ぶ,,[Leap]見出し番号 1956
Shed,を流す,,[Leap]見出し番号 1957
Resent,に憤慨する,,[Leap]見出し番号 1958
Plead,懇願する,,[Leap]見出し番号 1959
Yearn,切望する,,[Leap]見出し番号 1960
Long,切望する,,[Leap]見出し番号 1961
Immerse,を没頭させる,,[Leap]見出し番号 1962
Bewilder,を当惑させる,,[Leap]見出し番号 1963
Despise,を軽蔑する,,[Leap]見出し番号 1964
Willing,嫌がらずにする,,[Leap]見出し番号 1965
Furious,激怒した,,[Leap]見出し番号 1966
Intimate,親密な,,[Leap]見出し番号 1967
Aesthetic,美的の,,[Leap]見出し番号 1968
Conscious,良心,,[Leap]見出し番号 1969
Mercy,慈悲,,[Leap]見出し番号 1970
Compassion,同情,,[Leap]見出し番号 1971
Impulse,衝動,,[Leap]見出し番号 1972
Aspiration,熱望,,[Leap]見出し番号 1973
Grief,深い悲しみ,,[Leap]見出し番号 1974
Contempt,軽蔑,,[Leap]見出し番号 1975
Insult,侮辱,,[Leap]見出し番号 1976
Nuisance,迷惑,,[Leap]見出し番号 1977
Surge,高まり,,[Leap]見出し番号 1978
Incentive,励み,,[Leap]見出し番号 1979
Outcome,結果,,[Leap]見出し番号 1980
Factor,要因,,[Leap]見出し番号 1981
Liable,しがちだ,,[Leap]見出し番号 1982
Thorough,完全な,,[Leap]見出し番号 1983
Adequate,十分な,,[Leap]見出し番号 1984
Overall,全体的な,,[Leap]見出し番号 1985
Ultimate,究極の,,[Leap]見出し番号 1986
Genuine,心からの,,[Leap]見出し番号 1987
Slight,わずかな,,[Leap]見出し番号 1988
Radical,根本的な,,[Leap]見出し番号 1989
Trivial,些細な,,[Leap]見出し番号 1990
Potent,強力な,,[Leap]見出し番号 1991
Likewise,同様に,,[Leap]見出し番号 1992
Virtually,事実上,,[Leap]見出し番号 1993
Abruptly,不意に,,[Leap]見出し番号 1994
Deliberately,故意に,,[Leap]見出し番号 1995
Exclusively,もっぱら,,[Leap]見出し番号 1996
Hence,だから,,[Leap]見出し番号 1997
Namely,すなわち,,[Leap]見出し番号 1998
Allegedly,伝えられるところによると,,[Leap]見出し番号 1999
Whereas,だが一方,,[Leap]見出し番号 2000
